Code,Country,Site.ID,PrName,PrName.Base,Diversity,Product.Simple,Out.SubInd,Units,MeanT,MeanC
AC0137,Ecuador,"Campus Experimental La Teodomira, Lodana",Organic Fertilizer,Improved Varieties,NA,Capsicum,Crop Yield,kg/ha,22252,19094
CJ0063,Brazil,Pedro Arle Experimental Field of Embrapa Tabuleiros Costeiros,Inorganic Fertilizer,Improved Varieties-Inorganic Fertilizer,NA,Maize,Crop Yield,kg/ha,5963.65122160716,4403.13235668384
JO0061,Brazil,"Fazenda Morena, Barreiras (BA)",Inorganic Fertilizer,Inorganic Fertilizer-Organic Fertilizer-pH Control,NA,Coffee,Crop Yield,kg/ha,3589.42065491184,3340.05037783375
NM0015,Brazil,"Luís Eduardo Magalhães, Bahia State",Reduced Tillage,Inorganic Fertilizer-pH Control-Silvopasture,Soybean/Crotalaria ochroleuca/Maize-Ruzigrass/Cotton/Fallow/Soybean/Crotalaria ochroleuca/Maize-Ruzigrass,Soybean,Crop Yield,kg/ha,2762,2737
AC0158,Brazil,"Sao Desiderio, Bahia",Intercropping,Improved Varieties-Inorganic Fertilizer,NA,Maize,Crop Yield,kg/ha,9671,9800
NM0048,Brazil,"Tamgara da Serra, MT",Inorganic Fertilizer,"",NA,Maize,Crop Yield,kg/ha,4492.90780141844,3255.31914893616
NM0047,Brazil,Estiva,Inorganic Fertilizer,pH Control,NA,Maize,Crop Yield,kg/ha,11235,8525
NM0047,Brazil,Estiva,Crop Rotation,pH Control,Velvet Bean/Maize,Maize,Crop Yield,kg/ha,12505,8525
NM0047,Brazil,Estiva,Crop Rotation,Inorganic Fertilizer-pH Control,Velvet Bean/Maize,Maize,Crop Yield,kg/ha,12840,11235
NM0047,Brazil,Estiva,Inorganic Fertilizer,Crop Rotation-pH Control,Velvet Bean/Maize,Maize,Crop Yield,kg/ha,12840,12505
NM0048,Brazil,"Padre Bernardo, GO",Inorganic Fertilizer,"",NA,Maize,Crop Yield,kg/ha,5298.30508474576,4461.01694915254
JO0080,Brazil,Trop-Cerrado Biom-Primavera do Leste,Inorganic Fertilizer,Improved Varieties-Inorganic Fertilizer-Reduced Tillage,NA,Soybean,Crop Yield,kg/ha,3752.625,3664
AC0088,Brazil,Embrapa Cerrados,Intercropping,Inorganic Fertilizer-Mulch-pH Control-Supplemental Irrigation,NA,Coffee,Crop Yield,kg/ha,3948,3588
AC0088,Brazil,Embrapa Cerrados,Supplemental Irrigation,Inorganic Fertilizer-Intercropping-Mulch-pH Control,NA,Coffee,Crop Yield,kg/ha,3948,1122
AC0088,Brazil,Embrapa Cerrados,Supplemental Irrigation,Inorganic Fertilizer-Mulch-pH Control,NA,Coffee,Crop Yield,kg/ha,3588,1590
AC0088,Brazil,Embrapa Cerrados,Intercropping,Inorganic Fertilizer-Mulch-pH Control,NA,Coffee,Crop Yield,kg/ha,1122,1590
AC0128,Brazil,"Embrapa Cerrados, Planaltina",Reduced Tillage,Crop Rotation-Inorganic Fertilizer-Supplemental Irrigation,Maize/Pearl Millet/Maize/Maize/Maize/Maize/Maize/Maize/Maize/Maize/Pearl Millet/Maize/Pearl Millet/Maize/Pearl Millet/Maize/Pearl Millet/Maize/Pearl Millet/Maize/Pearl Millet/Maize/Pearl Millet/Maize/Pearl Millet/Maize/Pearl Millet,Maize,Crop Yield,kg/ha,12283,11666.75
CJ0090,Brazil,"Experimental Field, Embrapa Hortaliças",Reduced Tillage,Crop Residue Incorporation-Improved Fallow-Improved Varieties-Inorganic Fertilizer,Maize/Cabbage,Cabbage,Crop Yield,kg/ha,79651,79444
CJ0090,Brazil,"Experimental Field, Embrapa Hortaliças",Reduced Tillage,Crop Residue Incorporation-Improved Fallow-Improved Varieties-Inorganic Fertilizer-Intercropping,Maize-Velvet Bean/Cabbage,Cabbage,Crop Yield,kg/ha,90440,82817
NM0062,Brazil,Santo Antônio de Goiás,Reduced Tillage,Crop Residue Incorporation-Crop Rotation-Inorganic Fertilizer,Congo Grass/Common Bean/Congo Grass/Common Bean/Congo Grass/Common Bean,Common Bean,Crop Yield,kg/ha,269.966666666667,570.666666666667
CJ0059,Brazil,Planalto de Minas at Diamantina-MG District,Intercropping,Improved Varieties-Inorganic Fertilizer,NA,Maize,Crop Yield,kg/ha,1832.25,3194.17
CJ0059,Brazil,Planalto de Minas at Diamantina-MG District,Intercropping,Improved Varieties-Inorganic Fertilizer,NA,Common Bean,Crop Yield,kg/ha,473.925,780.83
AC0161,Brazil,"Experimental Area, University of Jatai",Inorganic Fertilizer,Crop Residue-Crop Rotation-Improved Varieties-Inorganic Fertilizer,Urochloa eminii/Maize,Maize,Crop Yield,kg/ha,7664.20666666667,6641.13
CJ0106,Brazil,"The Universidade Federal do Mato Grosso do Sul, Campus of Chapadão do Sul, MS,",Inorganic Fertilizer,Improved Varieties-Inorganic Fertilizer,NA,Maize,Crop Yield,kg/ha,9691.5,9610.75
SP0026,Brazil,Jaguaré,Multistrata Agroforestry,"",NA,Arabica,Crop Yield,kg/ha,1415.1,5022.75
NM0043,Brazil,Uberlandia,Inorganic Fertilizer,Inorganic Fertilizer,NA,Maize,Crop Yield,kg/ha,7115.16666666667,6196
CJ0018,Brazil,Embrapa Milho e Sorgo experimental station,Intercropping,Deficit Irrigation-Improved Varieties-Inorganic Fertilizer,NA,Maize,Crop Yield,kg/ha,6476.69649515287,6835.57046979866
JO0016.1,Brazil,"Sete Lagoas County, Minas Gerais",Inorganic Fertilizer,Improved Varieties-Intercropping-pH Control,NA,Common Bean,Crop Yield,kg/ha,566.25,495.666666666667
JO0016.1,Brazil,"Sete Lagoas County, Minas Gerais",Inorganic Fertilizer,Improved Varieties-pH Control,NA,Maize,Crop Yield,kg/ha,5203,4161
JO0016.1,Brazil,"Sete Lagoas County, Minas Gerais",Intercropping,Improved Varieties-pH Control,NA,Maize,Crop Yield,kg/ha,3217.66666666667,4161
JO0016.1,Brazil,"Sete Lagoas County, Minas Gerais",Double Cropping,Improved Varieties-pH Control,NA,Maize,Crop Yield,kg/ha,3465,4161
JO0016.1,Brazil,"Sete Lagoas County, Minas Gerais",Intercropping,Improved Varieties-Inorganic Fertilizer-pH Control,NA,Maize,Crop Yield,kg/ha,4584.25,5203
JO0016.1,Brazil,"Sete Lagoas County, Minas Gerais",Inorganic Fertilizer,Improved Varieties-Intercropping-pH Control,NA,Maize,Crop Yield,kg/ha,4584.25,3217.66666666667
JO0016.2,Brazil,"Sete Lagoas County, Minas Gerais",Inorganic Fertilizer,Improved Varieties-pH Control,NA,Common Bean,Crop Yield,kg/ha,1191.375,984.75
JO0111,Brazil,Sete Lagoas in Minas Gerais (MG),Inorganic Fertilizer,Improved Varieties-pH Control,NA,Maize,Crop Yield,kg/ha,6333.33333333333,6050
NM0052,Brazil,Sao Luis Island,pH Control,Agroforestry Pruning-Crop Rotation-Improved Varieties-Inorganic Fertilizer-Mulch,Sunn Hemp/Maize,Maize,Crop Yield,kg/ha,3895.5,3241.5
NM0052,Brazil,Sao Luis Island,pH Control,Crop Rotation-Improved Varieties-Inorganic Fertilizer,Sunn Hemp/Maize,Maize,Crop Yield,kg/ha,2837,2238
JO0111,Brazil,Boa Vista in Roraima (RR),Inorganic Fertilizer,Improved Varieties-pH Control,NA,Maize,Crop Yield,kg/ha,5500,4400
JO0067,Brazil,"Ibatiba, Espírito Santo",Mulch,Organic Fertilizer-Supplemental Irrigation,NA,Yacon,Crop Yield,kg/ha,23230,6710
SP0037,Brazil,Selviria,Inorganic Fertilizer,Improved Varieties-Inorganic Fertilizer-pH Control-Supplemental Irrigation,NA,Wheat,Crop Yield,kg/ha,3305.43695372751,3309.51087403599
SP0037,Brazil,Selviria,Inorganic Fertilizer,Improved Varieties-Inorganic Fertilizer-Supplemental Irrigation,NA,Wheat,Crop Yield,kg/ha,2090.17230392157,2898.6223155929
SP0037,Brazil,Selviria,pH Control,Improved Varieties-Inorganic Fertilizer-Supplemental Irrigation,NA,Wheat,Crop Yield,kg/ha,1639.93565552699,2623.51194211018
SP0018,Brazil,Selviria County,Inorganic Fertilizer,Improved Varieties-pH Control-Supplemental Irrigation,NA,Maize,Crop Yield,kg/ha,8645.5,6723.5
SP0018,Brazil,Selviria County,Organic Fertilizer,Improved Varieties-pH Control-Supplemental Irrigation,NA,Maize,Crop Yield,kg/ha,8558.9375,6723.5
SP0021,Brazil,"Teaching, Research, and Extension (Selviria) Sao Pablo state University",Crop Rotation,Inorganic Fertilizer,Maize/Wheat,Maize,Crop Yield,kg/ha,7935.06493506493,8292.20779220779
SP0021,Brazil,"Teaching, Research, and Extension (Selviria) Sao Pablo state University",Inorganic Fertilizer,Inorganic Fertilizer,Maize/Wheat,Maize,Crop Yield,kg/ha,8113.09192200557,8292.20779220779
CJ0101,Brazil,"Teaching, Research, and Extension (Selviria) Sao Pablo state University",Inorganic Fertilizer,Improved Varieties-Inorganic Fertilizer-Reduced Tillage-Supplemental Irrigation,NA,Maize,Crop Yield,kg/ha,8036.375,5458.5
CJ0117,Brazil,"Suzanápolis Sugar and Alcohol Mill, Ilha Solteira",Inorganic Fertilizer,Improved Varieties-Inorganic Fertilizer-pH Control-Supplemental Irrigation,NA,Sugar Cane,Crop Yield,kg/ha,25987.5,24800
CJ0087,Brazil,"Teaching, Research and Extension Farm, Faculty of Engineering, São Paulo State University (UNESP), Ilha Solteira Campus, São Paulo",Inorganic Fertilizer,Improved Varieties-Inorganic Fertilizer-pH Control,NA,Maize,Crop Yield,kg/ha,7644.11250000001,6946.5
CJ0085,Brazil,"Teaching, Research and Extension Farm of the Faculty of Engineering, São Paulo State University (UNESP), Ilha Solteira Campus",Inorganic Fertilizer,Improved Varieties-Inorganic Fertilizer,NA,Common Bean,Crop Yield,kg/ha,3924.5,2981.5
AC0039,Brazil,Divino1,Multistrata Agroforestry,Organic Fertilizer-pH Control,NA,Coffee,Crop Yield,kg/ha,2513.5,2734.5
AC0039,Brazil,Araponga1,Multistrata Agroforestry,Inorganic Fertilizer-pH Control,NA,Coffee,Crop Yield,kg/ha,2538.5,2295
AC0039,Brazil,Araponga2,Multistrata Agroforestry,Organic Fertilizer-pH Control,NA,Coffee,Crop Yield,kg/ha,717.5,2258
JO0020,Brazil,Vicosa,Other Agroforestry,Improved Varieties-Inorganic Fertilizer,Palm,Coffee,Crop Yield,kg/ha,1826.64503816794,1405.5776081425
NN0450,Brazil,University of Vicosa,Crop Residue Incorporation,Improved Varieties-Inorganic Fertilizer-Reduced Tillage-Supplemental Irrigation,NA,Common Bean,Crop Yield,kg/ha,3040,2665
NN0450,Brazil,University of Vicosa,Reduced Tillage,Crop Residue Incorporation-Improved Varieties-Inorganic Fertilizer-Supplemental Irrigation,NA,Common Bean,Crop Yield,kg/ha,3040,2305
NN0450,Brazil,University of Vicosa,Reduced Tillage,Improved Varieties-Inorganic Fertilizer-Supplemental Irrigation,NA,Common Bean,Crop Yield,kg/ha,2665,1985
NN0450,Brazil,University of Vicosa,Crop Residue Incorporation,Improved Varieties-Inorganic Fertilizer-Supplemental Irrigation,NA,Common Bean,Crop Yield,kg/ha,2305,1985
NM0048,Brazil,"Ritapolis, MG",Inorganic Fertilizer,"",NA,Maize,Crop Yield,kg/ha,5290.6976744186,1410.85271317829
CJ0019,Brazil,"Federal University of Lavras (UFLA), Lavras",Supplemental Irrigation,Inorganic Fertilizer-pH Control,NA,Arabica,Crop Yield,kg/ha,3841.6,9074.4
SP0017,Brazil,"São Paulo State University (Unesp), School of Agricultural and Veterinarian Sciences, Jaboticabal, São Paulo",Deficit Irrigation,Improved Varieties-Inorganic Fertilizer-pH Control-Supplemental Irrigation,NA,Common Bean,Crop Yield,kg/ha,3404.21671671671,4068.64677177177
JO0212,Brazil,"São Paulo State University (Unesp), School of Agricultural and Veterinarian Sciences, Jaboticabal, São Paulo",Inorganic Fertilizer,Crop Rotation-pH Control-Reduced Tillage,Maize/Common Bean/Maize/Common Bean,Common Bean,Crop Yield,kg/ha,3386.625,3082.5
JO0212,Brazil,"São Paulo State University (Unesp), School of Agricultural and Veterinarian Sciences, Jaboticabal, São Paulo",Inorganic Fertilizer,Crop Rotation-pH Control-Reduced Tillage,Congo Grass-Maize/Common Bean/Congo Grass-Maize/Common Bean,Common Bean,Crop Yield,kg/ha,3203.8125,2991
JO0212,Brazil,"São Paulo State University (Unesp), School of Agricultural and Veterinarian Sciences, Jaboticabal, São Paulo",Inorganic Fertilizer,Crop Rotation-pH Control-Reduced Tillage,Congo Grass/Common Bean/Congo Grass/Common Bean,Common Bean,Crop Yield,kg/ha,3279.375,3038
AC0022,Brazil,"Embrapa
Agropecuária Oeste",Intercropping,Improved Varieties-Inorganic Fertilizer-Reduced Tillage,NA,Maize,Crop Yield,kg/ha,487000,506666.666666667
AC0023,Brazil,Dois Córregos,Multistrata Agroforestry,Improved Varieties-Inorganic Fertilizer-Organic Fertilizer-pH Control-Supplemental Irrigation,NA,Coffee,Crop Yield,kg/ha,2050.66666666667,2880
AC0037,Brazil,Dois Córregos,Multistrata Agroforestry,Improved Varieties-Inorganic Fertilizer-Supplemental Irrigation,NA,Coffee,Crop Yield,kg/ha,1807.66666666667,2958.5
DM0026,Brazil,Dois Córregos,Supplemental Irrigation,Inorganic Fertilizer-Organic Fertilizer-pH Control,NA,Macadamia,Crop Yield,kg/ha,271.2,98.2
DM0026,Brazil,Dois Córregos,Multistrata Agroforestry,Inorganic Fertilizer-Organic Fertilizer-pH Control,NA,Macadamia,Crop Yield,kg/ha,148,98.2
DM0026,Brazil,Dois Córregos,Multistrata Agroforestry,Inorganic Fertilizer-Organic Fertilizer-pH Control-Supplemental Irrigation,NA,Macadamia,Crop Yield,kg/ha,345.2,271.2
DM0026,Brazil,Dois Córregos,Supplemental Irrigation,Inorganic Fertilizer-Multistrata Agroforestry-Organic Fertilizer-pH Control,NA,Macadamia,Crop Yield,kg/ha,345.2,148
DM0026,Brazil,Dois Córregos,Supplemental Irrigation,Inorganic Fertilizer-Multistrata Agroforestry-Organic Fertilizer-pH Control,NA,Arabica,Crop Yield,kg/ha,2996.21504652816,1996.29609805705
CJ0022,Brazil,"Dois Córregos,  São Paulo State",Multistrata Agroforestry,Improved Varieties-Inorganic Fertilizer-pH Control,NA,Arabica,Crop Yield,kg/ha,2043.73333333333,2118.8
CJ0022,Brazil,"Dois Córregos,  São Paulo State",Multistrata Agroforestry,Improved Varieties-Inorganic Fertilizer-pH Control,NA,Macadamia,Crop Yield,kg/ha,1438.2,1388.555
SP0020,Brazil,Experimental Station of the Sao Paulo Agency of Agrobusiness Technology (APTA),Multistrata Agroforestry,Improved Varieties-Inorganic Fertilizer,Macadamia integrifolia,Arabica,Crop Yield,kg/ha,1551.39583333333,1645.25
JO0021,Brazil,"Dois Córregos,",Other Agroforestry,Improved Varieties-Inorganic Fertilizer-Organic Fertilizer-pH Control-Water Harvesting,NA,Coffee,Crop Yield,kg/ha,2825.14285714286,2402.57142857143
NN0465,Brazil,Piracicaba- Clay,Inorganic Fertilizer,Improved Varieties-Inorganic Fertilizer-pH Control,NA,Maize,Crop Yield,kg/ha,21662.5,10100
AC0106,Brazil,Botucatu,pH Control,Improved Varieties-Inorganic Fertilizer,NA,Soybean,Crop Yield,kg/ha,3471.5,2436
AC0106,Brazil,Botucatu,pH Control,Improved Varieties-Inorganic Fertilizer,NA,Maize,Crop Yield,kg/ha,6869.5,5098
CJ0091,Brazil,"Piracicaba municipal, state of São Paulo",Intercropping,Improved Varieties-Inorganic Fertilizer,NA,Maize,Crop Yield,kg/ha,6838.5,7080.5
NN0465,Brazil,Piracicaba- Sandy Loam,Inorganic Fertilizer,Improved Varieties-Inorganic Fertilizer-pH Control,NA,Maize,Crop Yield,kg/ha,10587.5,7500
AC0156,Brazil,"Escola Superior de Agricultura Luiz de Queiroz, University of Sao Paulo",Inorganic Fertilizer,Crop Rotation-Inorganic Fertilizer-Mulch-Reduced Tillage,Black oats/Maize/Lupin/Maize,Maize,Crop Yield,kg/ha,4297.6501305483,1707.57180156658
JO0111,Brazil,Seropédica in Rio de Janeiro State (RJ),Inorganic Fertilizer,Improved Varieties-pH Control,NA,Maize,Crop Yield,kg/ha,3875,3850
NM0035,Brazil,Seropedica,Inorganic Fertilizer,Inorganic Fertilizer-pH Control-Supplemental Irrigation,NA,Maize,Crop Yield,kg/ha,7260,2660
JO0050,Brazil,"Botucatu, SP",Inorganic Fertilizer,Crop Residue-Crop Rotation-Inorganic Fertilizer-Reduced Tillage,Guinea Grass/Maize/Guinea Grass/Maize,Maize,Crop Yield,kg/ha,9300,4100
JO0050,Brazil,"Botucatu, SP",Inorganic Fertilizer,Crop Residue-Crop Rotation-Inorganic Fertilizer-Reduced Tillage,Palisade Grass/Maize/Palisade Grass/Maize,Maize,Crop Yield,kg/ha,9850,3850
JO0050,Brazil,"Botucatu, SP",Inorganic Fertilizer,Crop Residue-Crop Rotation-Inorganic Fertilizer-Reduced Tillage,Congo Grass/Maize/Congo Grass/Maize,Maize,Crop Yield,kg/ha,9400,3200
SP0024,Brazil,Lageado Experimental Farm of the UNESP,pH Control,Improved Varieties-Inorganic Fertilizer-Reduced Tillage,NA,Groundnut,Crop Yield,kg/ha,3203.33333333333,2205
SP0024,Brazil,Lageado Experimental Farm of the UNESP,pH Control,Improved Varieties-Inorganic Fertilizer-Reduced Tillage,NA,Oats,Crop Yield,kg/ha,2969.26338102808,2064.38791732909
SP0024,Brazil,Lageado Experimental Farm of the UNESP,pH Control,Improved Varieties-Inorganic Fertilizer-Intercropping-Reduced Tillage,NA,Maize,Crop Yield,kg/ha,7787.40157480315,6110.23622047244
DM0021,Brazil,Lageado Experimental Farm-Universidade Estadual Paulista-Botucatu,pH Control,Improved Varieties-Inorganic Fertilizer-Silvopasture,Soybean/Congo Grass/Maize/Congo Grass,Soybean,Crop Yield,kg/ha,3483.5,2872
DM0021,Brazil,Lageado Experimental Farm-Universidade Estadual Paulista-Botucatu,pH Control,Crop Rotation-Improved Varieties-Inorganic Fertilizer-Silvopasture,Soybean/Congo Grass/Maize/Congo Grass,Maize,Crop Yield,kg/ha,18202,6554
CJ0072,Brazil,"Botucatu, São Paulo State",Intercropping,Improved Varieties-Inorganic Fertilizer-Reduced Tillage,NA,Soybean,Crop Yield,kg/ha,2735,3250
JO0216,Brazil,"Botucatu, Sao Paulo",Improved Varieties,Crop Rotation-Inorganic Fertilizer,Pigeon Pea/Rice/Common Bean,Common Bean,Crop Yield,kg/ha,2019,2679
SP0033,Brazil,Botucatu,pH Control,Inorganic Fertilizer-Mulch-Reduced Tillage,Soybean/Maize/Pearl Millet/Pigeon Pea,Soybean,Crop Yield,kg/ha,3480.5,2691
SP0033,Brazil,Botucatu,pH Control,Crop Rotation-Inorganic Fertilizer-Mulch-Reduced Tillage,Soybean/Maize/Pearl Millet/Pigeon Pea,Maize,Crop Yield,kg/ha,8808.5,6140
SP0039,Brazil,Botucatu,Intercropping,Crop Residue-Inorganic Fertilizer-Mulch-pH Control-Reduced Tillage,NA,Maize,Crop Yield,kg/ha,7461,8146
JO0092,Brazil,"Botucatu, São Paulo State",Inorganic Fertilizer,Improved Varieties-Inorganic Fertilizer-Supplemental Irrigation,NA,Common Bean,Crop Yield,kg/ha,2578.625,2146
AC0111,Brazil,Botucatu,Inorganic Fertilizer,Improved Varieties-Mulch-Reduced Tillage,NA,Soybean,Crop Yield,kg/ha,4385.16260162601,1707.31707317073
AC0111,Brazil,Botucatu,Inorganic Fertilizer,Improved Varieties-Mulch-Reduced Tillage,NA,Maize,Crop Yield,kg/ha,13165.991902834,4404.85829959514
CJ0097,Brazil,Botucatu-NNT,Inorganic Fertilizer,Crop Residue Incorporation-Inorganic Fertilizer-Reduced Tillage,Soybean/Wheat/Soybean/Wheat/Soybean/Wheat/Soybean/Wheat/Soybean/Wheat/Soybean/Wheat/Soybean/Wheat/Soybean/Wheat/Soybean/Wheat/Soybean/Wheat/Fallow/Fallow/Fallow/Fallow/Fallow/Fallow/Fallow/Fallow/Maize/Black oats/Fallow/Fallow/Fallow/Fallow/Pearl Millet/Black oats/Common Bean/Black oats/Maize/Black oats/Maize/Black oats/Soybean/Fallow/Common Bean/Black oats/Common Bean/Black oats,Common Bean,Crop Yield,kg/ha,1783,1332
CJ0097,Brazil,Botucatu-NNT,Inorganic Fertilizer,Crop Residue Incorporation-Inorganic Fertilizer-Reduced Tillage,NA,Common Bean,Crop Yield,kg/ha,1913,1332
CJ0097,Brazil,Botucatu-ENT,Inorganic Fertilizer,Crop Residue Incorporation-Inorganic Fertilizer-Reduced Tillage,Soybean/Wheat/Soybean/Wheat/Soybean/Wheat/Soybean/Wheat/Soybean/Wheat/Soybean/Wheat/Soybean/Wheat/Soybean/Wheat/Soybean/Wheat/Soybean/Wheat/Fallow/Fallow/Fallow/Fallow/Fallow/Fallow/Fallow/Fallow/Maize/Black oats/Fallow/Fallow/Fallow/Fallow/Pearl Millet/Black oats/Common Bean/Black oats/Maize/Black oats/Maize/Black oats/Soybean/Fallow/Common Bean/Black oats/Common Bean/Black oats,Common Bean,Crop Yield,kg/ha,1862.33333333333,1574
CJ0097,Brazil,Botucatu-ENT,Inorganic Fertilizer,Crop Residue Incorporation-Inorganic Fertilizer-Reduced Tillage,Soybean/Wheat/Soybean/Wheat/Soybean/Wheat/Soybean/Wheat/Soybean/Wheat/Soybean/Wheat/Soybean/Wheat/Soybean/Wheat/Soybean/Wheat/Soybean/Wheat/Fallow/Fallow/Fallow/Fallow/Fallow/Fallow/Fallow/Fallow/Maize/Black oats/Fallow/Fallow/Fallow/Fallow/Pearl Millet/Black oats/Common Bean/Black oats/Maize/Black oats/Maize/Black oats/Soybean/Fallow/Common Bean/Black oats/Black oats,Common Bean,Crop Yield,kg/ha,2938,1574
CJ0097,Brazil,Botucatu-ENT,Inorganic Fertilizer,Crop Residue Incorporation-Inorganic Fertilizer-Reduced Tillage,Soybean/Wheat/Soybean/Wheat/Soybean/Wheat/Soybean/Wheat/Soybean/Wheat/Soybean/Wheat/Soybean/Wheat/Soybean/Wheat/Soybean/Wheat/Soybean/Wheat/Fallow/Fallow,Common Bean,Crop Yield,kg/ha,2100,1574
CJ0097,Brazil,Botucatu-ENT,Inorganic Fertilizer,Crop Residue Incorporation-Inorganic Fertilizer-Reduced Tillage,NA,Common Bean,Crop Yield,kg/ha,2140.5,1574
JO0083,Brazil,Botucatu..Botucatu_B..Botucatu_C,Inorganic Fertilizer,Improved Varieties-Inorganic Fertilizer-Mulch-pH Control,NA,Sorghum,Crop Yield,kg/ha,3563.33333333333,3120
JO0083,Brazil,Botucatu..Botucatu_B..Botucatu_C,Intercropping,Improved Varieties-Inorganic Fertilizer-Mulch-pH Control,NA,Sorghum,Crop Yield,kg/ha,2931.25,3452.5
JO0083,Brazil,Botucatu..Botucatu_B..Botucatu_C,Inorganic Fertilizer,Improved Varieties-Inorganic Fertilizer-Intercropping-Mulch-pH Control,NA,Sorghum,Crop Yield,kg/ha,3111.66666666667,2390
JO0214,Brazil,Botucatu,Inorganic Fertilizer,Improved Varieties-Inorganic Fertilizer,Natural Fallow/Maize,Maize,Crop Yield,kg/ha,8070.85020242914,7236.84210526315
JO0214,Brazil,Botucatu,Inorganic Fertilizer,Crop Rotation-Improved Varieties-Inorganic Fertilizer-Mulch,Brachiaria brizantha/Maize,Maize,Crop Yield,kg/ha,9556.68016194332,9070.85020242914
NN0425,Brazil,Botucatu,Intercropping,Improved Varieties-Inorganic Fertilizer-Reduced Tillage,NA,Maize,Crop Yield,kg/ha,9745,10301
JO0051,Brazil,"Manduri, São Paulo State",pH Control,Improved Varieties-Inorganic Fertilizer,NA,Coffee,Crop Yield,kg/ha,1702.05,1387.8
NN0431,Brazil,"Manduri, São Paulo State",pH Control,Improved Varieties-Inorganic Fertilizer,NA,Arabica,Crop Yield,kg/ha,1756,1387.8
NN0442,Brazil,Embrapa Soybean Experimental Station,Reduced Tillage,Improved Fallow-Improved Varieties-Inorganic Fertilizer-pH Control,Soybean/Wheat/Soybean/Wheat/Soybean/Wheat/Soybean/Wheat/Soybean/Wheat/Soybean/Wheat/Soybean/Wheat/Soybean/Wheat/Soybean/Wheat/Soybean/Wheat/Soybean/Wheat/Soybean/Wheat/Soybean/Wheat/Soybean/Wheat/Soybean/Wheat/Soybean/Wheat/Soybean/Wheat/Soybean/Wheat/Soybean/Wheat/Soybean/Wheat/Soybean/Wheat/Soybean/Wheat/Soybean,Soybean,Crop Yield,kg/ha,3066.625,2542.025
NN0442,Brazil,Embrapa Soybean Experimental Station,Reduced Tillage,Improved Fallow-Improved Varieties-Inorganic Fertilizer-pH Control,Soybean/Wheat/Soybean/Wheat/Soybean/Wheat/Soybean/Wheat/Soybean/Wheat/Soybean/Wheat/Soybean/Wheat/Soybean/Wheat/Soybean/Wheat/Soybean/Wheat/Soybean/Wheat/Soybean/Wheat/Soybean/Wheat/Soybean/Wheat/Soybean/Wheat/Soybean/Wheat/Soybean/Wheat/Soybean/Wheat/Soybean/Wheat/Soybean/Wheat/Soybean/Wheat/Soybean/Wheat/Soybean,Wheat,Crop Yield,kg/ha,2259.02631578947,2287.36842105263
CJ0080,Brazil,Embrapa Soybean Experimental Station,Crop Rotation,Crop Residue Incorporation-Inorganic Fertilizer,Maize/Black oats/Soybean/Wheat/Soybean/Lupin/Maize/Black oats/Soybean/Black oats/Soybean/Wheat/Soybean/Lupin/Maize/Black oats/Soybean/Fallow/Maize/Black oats/Soybean/Black oats/Soybean,Soybean,Crop Yield,kg/ha,2870,2860
NN0470,Brazil,Embrapa Soybean Experimental Station,Organic Fertilizer,Improved Varieties-Inorganic Fertilizer,NA,Soybean,Crop Yield,kg/ha,2465170.11202159,1702814.92525007
NN0470,Brazil,Embrapa Soybean Experimental Station,pH Control,Improved Varieties-Inorganic Fertilizer,NA,Soybean,Crop Yield,kg/ha,2067471.80783042,1702814.92525007
NN0470,Brazil,Embrapa Soybean Experimental Station,pH Control,Improved Varieties-Inorganic Fertilizer-Organic Fertilizer,NA,Soybean,Crop Yield,kg/ha,2546387.57115393,2465170.11202159
NN0470,Brazil,Embrapa Soybean Experimental Station,Organic Fertilizer,Improved Varieties-Inorganic Fertilizer-pH Control,NA,Soybean,Crop Yield,kg/ha,2546387.57115393,2067471.80783042
JO0086,Brazil,National Soybean Research Center (Embrapa Soja)-NT..National Soybean Research Center (Embrapa Soja)-CT,Inorganic Fertilizer,Improved Varieties-Mulch-pH Control-Reduced Tillage,Wheat/Soybean/Wheat/Soybean,Wheat,Crop Yield,kg/ha,2098,2603
JO0086,Brazil,National Soybean Research Center (Embrapa Soja)-NT..National Soybean Research Center (Embrapa Soja)-CT,Inorganic Fertilizer,Improved Varieties-pH Control,Wheat/Soybean/Wheat/Soybean,Wheat,Crop Yield,kg/ha,2462,2660
CJ0118,Brazil,Astorga County,Inorganic Fertilizer,Improved Varieties,NA,Wheat,Crop Yield,kg/ha,4064.2,2782.55
CJ0118,Brazil,Astorga County,Organic Fertilizer,Improved Varieties,NA,Wheat,Crop Yield,kg/ha,3654.1,2782.55
AC0115,Brazil,State University of Londrina,Inorganic Fertilizer,Improved Varieties-Inorganic Fertilizer,NA,Maize,Crop Yield,kg/ha,9377.76475,8106.575
AC0028,Brazil,"IAPAR, Londrina",Multistrata Agroforestry,"",NA,Coffee,Crop Yield,kg/ha,2413,2421
JO0085,Brazil,"IAPAR, Londrina",Improved Varieties,Inorganic Fertilizer,NA,Maize,Crop Yield,kg/ha,4443.88,19084.5826923077
JO0085,Brazil,Maringa,Improved Varieties,Inorganic Fertilizer,NA,Maize,Crop Yield,kg/ha,4090.9111,3401.08076923077
JO0080,Brazil,"Sub-Taquarituba, São Paulo State",Inorganic Fertilizer,Improved Varieties-Inorganic Fertilizer-Reduced Tillage,NA,Soybean,Crop Yield,kg/ha,4659.25,4690.5
JO0108,Brazil,"Taquarituba, São Paulo State",Inorganic Fertilizer,Improved Varieties-Inorganic Fertilizer-Intercropping-Water Harvesting,NA,Soybean,Crop Yield,kg/ha,3920,3702.5
JO0108,Brazil,"Taquarituba, São Paulo State",Inorganic Fertilizer,Improved Varieties-Inorganic Fertilizer-Water Harvesting,NA,Soybean,Crop Yield,kg/ha,4382.66666666667,4211.5
NM0056,Brazil,Southeast Brazil,Inorganic Fertilizer,Improved Varieties-Inorganic Fertilizer,NA,Maize,Crop Yield,kg/ha,11453.5104364326,2368.12144212523
AC0115,Brazil,"Antonio Carlos dos Santos Pessoa, Marechal Candido Rondon",Inorganic Fertilizer,Improved Varieties-Inorganic Fertilizer,NA,Maize,Crop Yield,kg/ha,6927.64325,5851.635
AC0115,Brazil,"ABC Research Foundation, Castro",Inorganic Fertilizer,Improved Varieties-Inorganic Fertilizer,NA,Maize,Crop Yield,kg/ha,9258.912,6463.075
NM0059,Brazil,Regina Farm,pH Control,Inorganic Fertilizer,Soybean/Barley/Soybean/Wheat/Soybean/Maize/Soybean,Soybean,Crop Yield,kg/ha,2021.66666666667,1907
NM0059,Brazil,Regina Farm,pH Control,Crop Rotation-Inorganic Fertilizer,Soybean/Barley/Soybean/Wheat/Soybean/Maize/Soybean,Barley,Crop Yield,kg/ha,1701,1667
NM0059,Brazil,Regina Farm,pH Control,Crop Rotation-Inorganic Fertilizer,Soybean/Barley/Soybean/Wheat/Soybean/Maize/Soybean,Soybean,Crop Yield,kg/ha,3653,3461.33333333333
NM0059,Brazil,Regina Farm,pH Control,Crop Rotation-Inorganic Fertilizer,Soybean/Barley/Soybean/Wheat/Soybean/Maize/Soybean,Wheat,Crop Yield,kg/ha,3463,3281
NM0059,Brazil,Regina Farm,pH Control,Crop Rotation-Inorganic Fertilizer,Soybean/Barley/Soybean/Wheat/Soybean/Maize/Soybean,Maize,Crop Yield,kg/ha,9579.66666666667,8531
CJ0119,Brazil,Ponta Grossa,Inorganic Fertilizer,Inorganic Fertilizer-pH Control-Reduced Tillage,Black oats/Soybean/Black oats/Soybean/Black oats/Soybean/Black oats/Soybean,Black oats,Crop Yield,kg/ha,638.497652582159,488.262910798121
CJ0119,Brazil,Ponta Grossa,Inorganic Fertilizer,Crop Rotation-Inorganic Fertilizer-pH Control-Reduced Tillage,Black oats/Soybean/Black oats/Soybean/Black oats/Soybean/Black oats/Soybean,Black oats,Crop Yield,kg/ha,1581.63797600417,788.732394366196
CJ0119,Brazil,Ponta Grossa,Inorganic Fertilizer,Crop Rotation-Improved Varieties-Inorganic Fertilizer-pH Control-Reduced Tillage,Black oats/Soybean/Black oats/Soybean/Black oats/Soybean/Black oats/Soybean,Soybean,Crop Yield,kg/ha,1446.00938967136,723.00469483568
AC0167,Brazil,Ponta Grosa,Mulch,Crop Rotation-Improved Varieties-Inorganic Fertilizer-Reduced Tillage,Black oats/Maize/Black oats/Soybean/Black oats/Soybean,Maize,Crop Yield,kg/ha,8410,8750
AC0167,Brazil,Ponta Grosa,pH Control,Crop Rotation-Improved Varieties-Inorganic Fertilizer-Reduced Tillage,Black oats/Maize/Black oats/Soybean/Black oats/Soybean,Maize,Crop Yield,kg/ha,8950,8750
AC0167,Brazil,Ponta Grosa,pH Control,Crop Rotation-Improved Varieties-Inorganic Fertilizer-Mulch-Reduced Tillage,Black oats/Maize/Black oats/Soybean/Black oats/Soybean,Maize,Crop Yield,kg/ha,9160,8410
AC0167,Brazil,Ponta Grosa,Mulch,Crop Rotation-Improved Varieties-Inorganic Fertilizer-pH Control-Reduced Tillage,Black oats/Maize/Black oats/Soybean/Black oats/Soybean,Maize,Crop Yield,kg/ha,9160,8950
AC0167,Brazil,Ponta Grosa,Mulch,Crop Rotation-Improved Varieties-Inorganic Fertilizer-Reduced Tillage,Black oats/Maize/Black oats/Soybean/Black oats/Soybean,Soybean,Crop Yield,kg/ha,3255,2995
AC0167,Brazil,Ponta Grosa,pH Control,Crop Rotation-Improved Varieties-Inorganic Fertilizer-Reduced Tillage,Black oats/Maize/Black oats/Soybean/Black oats/Soybean,Soybean,Crop Yield,kg/ha,3390,2995
AC0167,Brazil,Ponta Grosa,pH Control,Crop Rotation-Improved Varieties-Inorganic Fertilizer-Mulch-Reduced Tillage,Black oats/Maize/Black oats/Soybean/Black oats/Soybean,Soybean,Crop Yield,kg/ha,3145,3255
AC0167,Brazil,Ponta Grosa,Mulch,Crop Rotation-Improved Varieties-Inorganic Fertilizer-pH Control-Reduced Tillage,Black oats/Maize/Black oats/Soybean/Black oats/Soybean,Soybean,Crop Yield,kg/ha,3145,3390
CJ0098,Brazil,"Ponta Grossa, PR",pH Control,Crop Residue-Crop Rotation-Inorganic Fertilizer-Mulch-Reduced Tillage,Black oats/Maize/Black oats/Soybean/Black oats/Soybean/Black oats/Soybean/Black oats/Maize/Wheat/Soybean/Wheat/Soybean/Black oats/Common Bean/Common Bean,Wheat,Crop Yield,kg/ha,2474.33774834437,1028.14569536424
CJ0098,Brazil,"Ponta Grossa, PR",pH Control,Crop Residue-Crop Rotation-Inorganic Fertilizer-Mulch-Reduced Tillage,Black oats/Maize/Black oats/Soybean/Black oats/Soybean/Black oats/Soybean/Black oats/Maize/Wheat/Soybean/Wheat/Soybean/Black oats/Common Bean/Common Bean,Maize,Crop Yield,kg/ha,9814.5611227336,7321.54007080785
CJ0098,Brazil,"Ponta Grossa, PR",pH Control,Crop Residue-Crop Rotation-Inorganic Fertilizer-Mulch-Reduced Tillage,Black oats/Maize/Black oats/Soybean/Black oats/Soybean/Black oats/Soybean/Black oats/Maize/Wheat/Soybean/Wheat/Soybean/Black oats/Common Bean/Common Bean,Soybean,Crop Yield,kg/ha,5864.27060395083,4659.26036554284
CJ0098,Brazil,"Ponta Grossa, PR",pH Control,Crop Residue-Crop Rotation-Inorganic Fertilizer-Mulch-Reduced Tillage,Black oats/Maize/Black oats/Soybean/Black oats/Soybean/Black oats/Soybean/Black oats/Maize/Wheat/Soybean/Wheat/Soybean/Black oats/Common Bean/Common Bean,Common Bean,Crop Yield,kg/ha,4036.36363636363,1097.72727272727
NN0476,Brazil,Ponta Grossa,pH Control,Crop Rotation-Improved Varieties-Inorganic Fertilizer-Mulch-Reduced Tillage,Black oats/Maize/Black oats/Soybean/Black oats/Soybean/Wheat,Maize,Crop Yield,kg/ha,9720,9290
NN0476,Brazil,Ponta Grossa,pH Control,Crop Rotation-Improved Varieties-Inorganic Fertilizer-Mulch-Reduced Tillage,Black oats/Maize/Black oats/Soybean/Black oats/Soybean/Wheat,Soybean,Crop Yield,kg/ha,3790,3720
NN0476,Brazil,Ponta Grossa,pH Control,Crop Rotation-Improved Varieties-Inorganic Fertilizer-Mulch-Reduced Tillage,Black oats/Maize/Black oats/Soybean/Black oats/Soybean/Wheat,Wheat,Crop Yield,kg/ha,2790,1290
NM0041,Brazil,"West-Central State University, Guarapuava",pH Control,Improved Varieties-Inorganic Fertilizer-Reduced Tillage,Maize/Barley/Common Bean/Wheat,Maize,Crop Yield,kg/ha,9885,9850
NM0041,Brazil,"West-Central State University, Guarapuava",Crop Rotation,Improved Varieties-Inorganic Fertilizer-Reduced Tillage,Maize/Barley/Common Bean/Wheat,Barley,Crop Yield,kg/ha,4625,4450
NM0041,Brazil,"West-Central State University, Guarapuava",pH Control,Crop Rotation-Improved Varieties-Inorganic Fertilizer-Reduced Tillage,Maize/Barley/Common Bean/Wheat,Common Bean,Crop Yield,kg/ha,2115,2092.5
NM0041,Brazil,"West-Central State University, Guarapuava",Crop Rotation,Improved Varieties-Inorganic Fertilizer-Reduced Tillage,Maize/Barley/Common Bean/Wheat,Common Bean,Crop Yield,kg/ha,2092.5,2080
NM0041,Brazil,"West-Central State University, Guarapuava",Crop Rotation,Improved Varieties-Inorganic Fertilizer-Reduced Tillage,Maize/Barley/Common Bean/Wheat,Wheat,Crop Yield,kg/ha,4356.25,3980
AC0096,Brazil,"Universidade Estadual do Centro-Oeste, Guarapuava",Inorganic Fertilizer,Improved Fallow-Improved Varieties-Reduced Tillage,Maize/Barley,Maize,Crop Yield,kg/ha,10564.9889135254,9864.74501108647
CJ0120,Brazil,Instituto Federal do Paraná (IFPR) - Campus Palmas,Inorganic Fertilizer,Improved Varieties,NA,Wheat,Crop Yield,kg/ha,4890.48753665689,4342.00879765395
JO0087,Brazil,Abelardo Luz,Inorganic Fertilizer,Improved Varieties-Inorganic Fertilizer-Reduced Tillage,NA,Maize,Crop Yield,kg/ha,11339.37375,7585.085
NM0048,Brazil,"Xanaxere, SC",Inorganic Fertilizer,"",NA,Maize,Crop Yield,kg/ha,7532.94573643411,7267.44186046511
NM0020,Brazil,"Experimental Area,  Curitibanos Campus, Universidade Federal de Santa Catarina (UFSC)",Improved Fallow,Inorganic Fertilizer-Mulch-Reduced Tillage,Common Vetch/Maize/Common Vetch/Maize/Common Vetch/Maize/Common Vetch/Maize/Common Vetch/Maize,Maize,Crop Yield,kg/ha,8266.6983048171,4896.84986539622
NM0020,Brazil,"Experimental Area,  Curitibanos Campus, Universidade Federal de Santa Catarina (UFSC)",Improved Fallow,Inorganic Fertilizer-Mulch-Reduced Tillage,Radish/Maize/Radish/Maize/Radish/Maize/Radish/Maize/Radish/Maize,Maize,Crop Yield,kg/ha,5619.93083719042,4896.84986539622
NM0020,Brazil,"Experimental Area,  Curitibanos Campus, Universidade Federal de Santa Catarina (UFSC)",Improved Fallow,Inorganic Fertilizer-Mulch-Reduced Tillage,Black oats/Maize/Black oats/Maize/Black oats/Maize/Black oats/Maize/Black oats/Maize,Maize,Crop Yield,kg/ha,5638.84594093755,4896.84986539622
NM0020,Brazil,"Experimental Area,  Curitibanos Campus, Universidade Federal de Santa Catarina (UFSC)",Improved Fallow,Inorganic Fertilizer-Mulch-Reduced Tillage,Canola/Maize/Canola/Maize/Canola/Maize/Canola/Maize/Canola/Maize,Maize,Crop Yield,kg/ha,5698.62162349314,4896.84986539622
NM0020,Brazil,"Experimental Area,  Curitibanos Campus, Universidade Federal de Santa Catarina (UFSC)",Improved Fallow,Inorganic Fertilizer-Mulch-Reduced Tillage,Black oats-Common Vetch/Maize/Black oats-Common Vetch/Maize/Black oats-Common Vetch/Maize/Black oats-Common Vetch/Maize/Black oats-Common Vetch/Maize,Maize,Crop Yield,kg/ha,6007.20615225433,4896.84986539622
NM0020,Brazil,"Experimental Area,  Curitibanos Campus, Universidade Federal de Santa Catarina (UFSC)",Improved Fallow,Inorganic Fertilizer-Mulch-Reduced Tillage,Oats/Maize/Oats/Maize/Oats/Maize/Oats/Maize/Oats/Maize,Maize,Crop Yield,kg/ha,4987.59412911762,4896.84986539622
NM0020,Brazil,"Experimental Area,  Curitibanos Campus, Universidade Federal de Santa Catarina (UFSC)",Improved Fallow,Inorganic Fertilizer-Mulch-Reduced Tillage,Ryegrass sp/Maize/Ryegrass sp/Maize/Ryegrass sp/Maize/Ryegrass sp/Maize/Ryegrass sp/Maize,Maize,Crop Yield,kg/ha,4582.87116795819,4896.84986539622
NM0020,Brazil,"Experimental Area,  Curitibanos Campus, Universidade Federal de Santa Catarina (UFSC)",Improved Fallow,Inorganic Fertilizer-Mulch-Reduced Tillage,Red Clover/Maize/Red Clover/Maize/Red Clover/Maize/Red Clover/Maize/Red Clover/Maize,Maize,Crop Yield,kg/ha,6013.22599864615,4896.84986539622
CJ0071,Brazil,"Experimental Area,  Curitibanos Campus, Universidade Federal de Santa Catarina (UFSC)",Inorganic Fertilizer,Improved Varieties-Inorganic Fertilizer-Mulch,NA,Maize,Crop Yield,kg/ha,10333,6668
AC0155,Brazil,"Experimental Area,  Curitibanos Campus, Universidade Federal de Santa Catarina (UFSC)",Inorganic Fertilizer,"",NA,Maize,Crop Yield,kg/ha,10440,7405
AC0145,Brazil,"Experimental Area,  Curitibanos Campus, Universidade Federal de Santa Catarina (UFSC)",Inorganic Fertilizer,Improved Varieties-Inorganic Fertilizer-Reduced Tillage,NA,Wheat,Crop Yield,kg/ha,2729.40862833333,1474.505045
NM0046,Brazil,Santa Catarina State University (UDESC),Organic Fertilizer,pH Control,Common Bean/Wheat/Maize/Wheat,Common Bean,Crop Yield,kg/ha,3294.79768786127,1838.15028901734
NM0046,Brazil,Santa Catarina State University (UDESC),Inorganic Fertilizer,pH Control,Common Bean/Wheat/Maize/Wheat,Common Bean,Crop Yield,kg/ha,3728.32369942196,1838.15028901734
NM0060,Brazil,Lages,Inorganic Fertilizer,Inorganic Fertilizer,NA,Maize,Crop Yield,kg/ha,10709.25,8344.5
NN0436,Brazil,"Embrapa Wheat Research Centre, Passo Fundo",Reduced Tillage,"",Soybean/Wheat/Soybean/Wheat,Soybean,Crop Yield,kg/ha,2941,2397
NN0436,Brazil,"Embrapa Wheat Research Centre, Passo Fundo",Reduced Tillage,"",Soybean/Hairy Vetch/Sorghum/Wheat,Soybean,Crop Yield,kg/ha,2944,2397
NN0436,Brazil,"Embrapa Wheat Research Centre, Passo Fundo",Reduced Tillage,"",Maize/Wheat/Soybean/Hairy Vetch,Maize,Crop Yield,kg/ha,5884,4807
NN0436,Brazil,"Embrapa Wheat Research Centre, Passo Fundo",Reduced Tillage,Crop Rotation-Inorganic Fertilizer,Soybean/Wheat/Soybean/Wheat,Wheat,Crop Yield,kg/ha,2424,2654.5
NN0436,Brazil,"Embrapa Wheat Research Centre, Passo Fundo",Reduced Tillage,Crop Rotation,Soybean/Wheat/Soybean/Wheat,Soybean,Crop Yield,kg/ha,1727,1647
NN0436,Brazil,"Embrapa Wheat Research Centre, Passo Fundo",Reduced Tillage,Crop Rotation,Maize/Wheat/Soybean/Hairy Vetch,Soybean,Crop Yield,kg/ha,2003,1688
NN0436,Brazil,"Embrapa Wheat Research Centre, Passo Fundo",Reduced Tillage,Crop Rotation-Inorganic Fertilizer-Mulch,Soybean/Hairy Vetch/Sorghum/Wheat,Sorghum,Crop Yield,kg/ha,5541,5604
NM0072,Brazil,"Instituto Regional De Desenvolvimento Rural (IRDeR), Augusto Pestana",Inorganic Fertilizer,Crop Rotation-Improved Varieties-Inorganic Fertilizer,Wheat/Soybean/Wheat/Soybean/Wheat/Soybean,Wheat,Crop Yield,kg/ha,3024.33333333333,1306
NM0072,Brazil,"Instituto Regional De Desenvolvimento Rural (IRDeR), Augusto Pestana",Inorganic Fertilizer,Crop Rotation-Improved Varieties-Inorganic Fertilizer,Soybean/Wheat/Soybean/Wheat/Soybean/Wheat,Wheat,Crop Yield,kg/ha,2695.91666666667,1337.5
NM0072,Brazil,"Instituto Regional De Desenvolvimento Rural (IRDeR), Augusto Pestana",Inorganic Fertilizer,Crop Rotation-Improved Varieties-Inorganic Fertilizer,Maize/Wheat/Maize/Wheat/Maize/Wheat,Wheat,Crop Yield,kg/ha,2543.53333333333,1062.4
CJ0102,Brazil,Augusto Pestana,Inorganic Fertilizer,Improved Fallow-Improved Varieties-Inorganic Fertilizer,Maize/Radish,Maize,Crop Yield,kg/ha,10172.5352112676,7417.25352112676
CJ0102,Brazil,Augusto Pestana,Inorganic Fertilizer,Improved Fallow-Improved Varieties-Inorganic Fertilizer,Maize/Black oats,Maize,Crop Yield,kg/ha,10046.3615023474,8500
NN0433,Brazil,Liberdade farm,Supplemental Irrigation,Improved Varieties-Inorganic Fertilizer,NA,Maize,Crop Yield,kg/ha,1361.14265,1155.8255
AC0139,Brazil,Universidade Federal de Santa Maria (UFSM),Organic Fertilizer,Crop Residue-Reduced Tillage-Supplemental Irrigation,NA,Maize,Crop Yield,kg/ha,4671.46282973621,3251.79856115107
AC0139,Brazil,Universidade Federal de Santa Maria (UFSM),Inorganic Fertilizer,Crop Residue-Reduced Tillage-Supplemental Irrigation,NA,Maize,Crop Yield,kg/ha,6374.10071942446,3251.79856115107
AC0154,Brazil,Universidade Federal de Santa Maria (UFSM),Inorganic Fertilizer,Crop Rotation,Black oats/Maize,Maize,Crop Yield,kg/ha,6370,3042
AC0154,Brazil,Universidade Federal de Santa Maria (UFSM),Organic Fertilizer,Crop Rotation,Black oats/Maize,Maize,Crop Yield,kg/ha,7199,3042
CJ0079,Brazil,Experimental field of Universidade Federal de Santa Maria (UFSM),Inorganic Fertilizer,Improved Varieties-Inorganic Fertilizer-Reduced Tillage,NA,Maize,Crop Yield,kg/ha,9250.70821529744,8213.88101983002
AC0132,Brazil,"Experimental Agronomic Station, Federal University of Rio Grande do Sul (UFRGS)",Crop Rotation,Mulch-Reduced Tillage,Maize/Black oats/Maize/Black oats/Maize/Black oats/Maize/Black oats/Maize/Black oats/Maize/Black oats/Maize/Black oats/Maize/Black oats/Maize/Black oats/Maize/Black oats/Maize/Black oats/Maize/Black oats/Maize/Black oats/Maize/Black oats/Maize/Black oats/Maize/Black oats/Maize/Black oats/Maize/Black oats/Maize/Black oats,Maize,Crop Yield,kg/ha,3629.5025728988,2161.23499142367
AC0132,Brazil,"Experimental Agronomic Station, Federal University of Rio Grande do Sul (UFRGS)",Crop Rotation,Mulch-Reduced Tillage,Maize/Black oats-Common Vetch/Maize/Black oats-Common Vetch/Maize/Black oats-Common Vetch/Maize/Black oats-Common Vetch/Maize/Black oats-Common Vetch/Maize/Black oats-Common Vetch/Maize/Black oats-Common Vetch/Maize/Black oats-Common Vetch/Maize/Black oats-Common Vetch/Maize/Black oats-Common Vetch/Maize/Black oats-Common Vetch/Maize/Black oats-Common Vetch/Maize/Black oats-Common Vetch/Maize/Black oats-Common Vetch/Maize/Black oats-Common Vetch/Maize/Black oats-Common Vetch/Maize/Black oats-Common Vetch/Maize/Black oats-Common Vetch/Maize/Black oats-Common Vetch,Maize,Crop Yield,kg/ha,3879.93138936535,2161.23499142367
AC0132,Brazil,"Experimental Agronomic Station, Federal University of Rio Grande do Sul (UFRGS)",Intercropping,Mulch-Reduced Tillage,NA,Maize,Crop Yield,kg/ha,4631.217838765,2161.23499142367
AC0132,Brazil,"Experimental Agronomic Station, Federal University of Rio Grande do Sul (UFRGS)",Inorganic Fertilizer,Mulch-Reduced Tillage,Maize/Fallow/Maize/Fallow/Maize/Fallow/Maize/Fallow/Maize/Fallow/Maize/Fallow/Maize/Fallow/Maize/Fallow/Maize/Fallow/Maize/Fallow/Maize/Fallow/Maize/Fallow/Maize/Fallow/Maize/Fallow/Maize/Fallow/Maize/Fallow/Maize/Fallow/Maize/Fallow/Maize/Fallow,Maize,Crop Yield,kg/ha,6833.6192109777,2161.23499142367
AC0132,Brazil,"Experimental Agronomic Station, Federal University of Rio Grande do Sul (UFRGS)",Inorganic Fertilizer,Crop Rotation-Mulch-Reduced Tillage,Maize/Black oats/Maize/Black oats/Maize/Black oats/Maize/Black oats/Maize/Black oats/Maize/Black oats/Maize/Black oats/Maize/Black oats/Maize/Black oats/Maize/Black oats/Maize/Black oats/Maize/Black oats/Maize/Black oats/Maize/Black oats/Maize/Black oats/Maize/Black oats/Maize/Black oats/Maize/Black oats/Maize/Black oats,Maize,Crop Yield,kg/ha,8912.52144082332,3629.5025728988
AC0132,Brazil,"Experimental Agronomic Station, Federal University of Rio Grande do Sul (UFRGS)",Inorganic Fertilizer,Crop Rotation-Mulch-Reduced Tillage,Maize/Black oats-Common Vetch/Maize/Black oats-Common Vetch/Maize/Black oats-Common Vetch/Maize/Black oats-Common Vetch/Maize/Black oats-Common Vetch/Maize/Black oats-Common Vetch/Maize/Black oats-Common Vetch/Maize/Black oats-Common Vetch/Maize/Black oats-Common Vetch/Maize/Black oats-Common Vetch/Maize/Black oats-Common Vetch/Maize/Black oats-Common Vetch/Maize/Black oats-Common Vetch/Maize/Black oats-Common Vetch/Maize/Black oats-Common Vetch/Maize/Black oats-Common Vetch/Maize/Black oats-Common Vetch/Maize/Black oats-Common Vetch/Maize/Black oats-Common Vetch,Maize,Crop Yield,kg/ha,7090.90909090909,3879.93138936535
AC0132,Brazil,"Experimental Agronomic Station, Federal University of Rio Grande do Sul (UFRGS)",Crop Rotation,Inorganic Fertilizer-Mulch-Reduced Tillage,Maize/Black oats/Maize/Black oats/Maize/Black oats/Maize/Black oats/Maize/Black oats/Maize/Black oats/Maize/Black oats/Maize/Black oats/Maize/Black oats/Maize/Black oats/Maize/Black oats/Maize/Black oats/Maize/Black oats/Maize/Black oats/Maize/Black oats/Maize/Black oats/Maize/Black oats/Maize/Black oats/Maize/Black oats,Maize,Crop Yield,kg/ha,8912.52144082332,6833.6192109777
AC0132,Brazil,"Experimental Agronomic Station, Federal University of Rio Grande do Sul (UFRGS)",Crop Rotation,Inorganic Fertilizer-Mulch-Reduced Tillage,Maize/Black oats-Common Vetch/Maize/Black oats-Common Vetch/Maize/Black oats-Common Vetch/Maize/Black oats-Common Vetch/Maize/Black oats-Common Vetch/Maize/Black oats-Common Vetch/Maize/Black oats-Common Vetch/Maize/Black oats-Common Vetch/Maize/Black oats-Common Vetch/Maize/Black oats-Common Vetch/Maize/Black oats-Common Vetch/Maize/Black oats-Common Vetch/Maize/Black oats-Common Vetch/Maize/Black oats-Common Vetch/Maize/Black oats-Common Vetch/Maize/Black oats-Common Vetch/Maize/Black oats-Common Vetch/Maize/Black oats-Common Vetch/Maize/Black oats-Common Vetch,Maize,Crop Yield,kg/ha,7090.90909090909,6833.6192109777
AC0132,Brazil,"Experimental Agronomic Station, Federal University of Rio Grande do Sul (UFRGS)",Intercropping,Inorganic Fertilizer-Mulch-Reduced Tillage,NA,Maize,Crop Yield,kg/ha,7008.57632933104,6833.6192109777
NM0048,Brazil,"Cachoeira do Sul, RS",Inorganic Fertilizer,"",NA,Maize,Crop Yield,kg/ha,7845.64393939394,7727.27272727272
NM0045,Brazil,Southern Brazil,Inorganic Fertilizer,Crop Residue Incorporation-Crop Rotation-Inorganic Fertilizer,Black oats/Maize/Black oats/Maize/Black oats/Maize/Black oats/Black oats/Maize/Black oats/Maize/Black oats/Maize/Black oats/Maize/Black oats/Maize/Black oats/Maize/Black oats/Maize/Black oats/Maize/Black oats/Maize/Black oats/Maize/Black oats/Maize/Black oats/Maize/Black oats/Maize/Black oats/Maize/Black oats/Maize,Maize,Crop Yield,kg/ha,8860,2660
NM0045,Brazil,Southern Brazil,Inorganic Fertilizer,Crop Residue Incorporation-Crop Rotation-Inorganic Fertilizer-Intercropping,Black oats-Grazing Vetch/Cowpea-Maize/Black oats-Grazing Vetch/Cowpea-Maize/Black oats-Grazing Vetch/Cowpea-Maize/Black oats-Grazing Vetch/Black oats-Grazing Vetch/Cowpea-Maize/Black oats-Grazing Vetch/Cowpea-Maize/Black oats-Grazing Vetch/Cowpea-Maize/Black oats-Grazing Vetch/Cowpea-Maize/Black oats-Grazing Vetch/Cowpea-Maize/Black oats-Grazing Vetch/Cowpea-Maize/Black oats-Grazing Vetch/Cowpea-Maize/Black oats-Grazing Vetch/Cowpea-Maize/Black oats-Grazing Vetch/Cowpea-Maize/Black oats-Grazing Vetch/Cowpea-Maize/Black oats-Grazing Vetch/Cowpea-Maize/Black oats-Grazing Vetch/Cowpea-Maize/Black oats-Grazing Vetch/Cowpea-Maize/Black oats-Grazing Vetch/Cowpea-Maize/Black oats-Grazing Vetch/Cowpea-Maize/Black oats-Grazing Vetch/Cowpea-Maize/Black oats-Grazing Vetch/Cowpea-Maize,Maize,Crop Yield,kg/ha,9170,3660
NM0045,Brazil,Southern Brazil,Inorganic Fertilizer,Crop Rotation-Inorganic Fertilizer-Mulch-Reduced Tillage,Black oats/Maize/Black oats/Maize/Black oats/Maize/Black oats/Black oats/Maize/Black oats/Maize/Black oats/Maize/Black oats/Maize/Black oats/Maize/Black oats/Maize/Black oats/Maize/Black oats/Maize/Black oats/Maize/Black oats/Maize/Black oats/Maize/Black oats/Maize/Black oats/Maize/Black oats/Maize/Black oats/Maize,Maize,Crop Yield,kg/ha,8980,2300
NM0045,Brazil,Southern Brazil,Inorganic Fertilizer,Crop Rotation-Inorganic Fertilizer-Intercropping-Mulch-Reduced Tillage,Black oats-Grazing Vetch/Cowpea-Maize/Black oats-Grazing Vetch/Cowpea-Maize/Black oats-Grazing Vetch/Cowpea-Maize/Black oats-Grazing Vetch/Black oats-Grazing Vetch/Cowpea-Maize/Black oats-Grazing Vetch/Cowpea-Maize/Black oats-Grazing Vetch/Cowpea-Maize/Black oats-Grazing Vetch/Cowpea-Maize/Black oats-Grazing Vetch/Cowpea-Maize/Black oats-Grazing Vetch/Cowpea-Maize/Black oats-Grazing Vetch/Cowpea-Maize/Black oats-Grazing Vetch/Cowpea-Maize/Black oats-Grazing Vetch/Cowpea-Maize/Black oats-Grazing Vetch/Cowpea-Maize/Black oats-Grazing Vetch/Cowpea-Maize/Black oats-Grazing Vetch/Cowpea-Maize/Black oats-Grazing Vetch/Cowpea-Maize/Black oats-Grazing Vetch/Cowpea-Maize/Black oats-Grazing Vetch/Cowpea-Maize/Black oats-Grazing Vetch/Cowpea-Maize/Black oats-Grazing Vetch/Cowpea-Maize,Maize,Crop Yield,kg/ha,9550,4490
CJ0114,Brazil,Jaguaribe-Apodi,Reduced Tillage,Green Manure-Improved Varieties-Inorganic Fertilizer-Supplemental Irrigation,Crotalaria juncea/Melon/Crotalaria juncea/Melon/Crotalaria juncea/Melon,Melon,Crop Yield,kg/ha,11150,13640
CJ0114,Brazil,Jaguaribe-Apodi,Reduced Tillage,Green Manure-Improved Varieties-Inorganic Fertilizer-Supplemental Irrigation,Pearl Millet/Melon/Pearl Millet/Melon/Pearl Millet/Melon,Melon,Crop Yield,kg/ha,12090,15100
CJ0114,Brazil,Jaguaribe-Apodi,Reduced Tillage,Green Manure-Improved Varieties-Inorganic Fertilizer-Supplemental Irrigation,Crotalaria juncea-Pearl Millet/Melon/Crotalaria juncea-Pearl Millet/Melon/Crotalaria juncea-Pearl Millet/Melon,Melon,Crop Yield,kg/ha,10260,16010
CJ0114,Brazil,Jaguaribe-Apodi,Reduced Tillage,Crop Residue Incorporation-Green Manure-Improved Varieties-Inorganic Fertilizer-Supplemental Irrigation,Brachiaria hybrid-Maize/Melon/Brachiaria hybrid-Maize/Melon/Brachiaria hybrid-Maize/Melon,Melon,Crop Yield,kg/ha,9950,16600
CJ0114,Brazil,Jaguaribe-Apodi,Reduced Tillage,Green Manure-Improved Varieties-Inorganic Fertilizer-Supplemental Irrigation,Natural Fallow/Melon/Natural Fallow/Melon/Natural Fallow/Melon,Melon,Crop Yield,kg/ha,11465,12010
CJ0114,Brazil,Jaguaribe-Apodi,Reduced Tillage,Green Manure-Improved Varieties-Inorganic Fertilizer-Supplemental Irrigation,Fallow/Melon/Fallow/Melon/Fallow/Melon,Melon,Crop Yield,kg/ha,6500,14640
CJ0114,Brazil,Jaguaribe-Apodi,Reduced Tillage,Green Manure-Improved Varieties-Inorganic Fertilizer-Supplemental Irrigation,Pigeon Pea/Melon/Pigeon Pea/Melon/Pigeon Pea/Melon,Melon,Crop Yield,kg/ha,9120,15130
CJ0114,Brazil,Jaguaribe-Apodi,Reduced Tillage,Crop Residue Incorporation-Green Manure-Improved Varieties-Inorganic Fertilizer-Supplemental Irrigation,Pearl Millet-Pigeon Pea/Melon/Pearl Millet-Pigeon Pea/Melon/Pearl Millet-Pigeon Pea/Melon,Melon,Crop Yield,kg/ha,10770,12860
CJ0114,Brazil,Jaguaribe-Apodi,Reduced Tillage,Green Manure-Improved Varieties-Inorganic Fertilizer-Supplemental Irrigation,Jack Bean/Melon/Jack Bean/Melon/Jack Bean/Melon,Melon,Crop Yield,kg/ha,9220,17700
CJ0114,Brazil,Jaguaribe-Apodi,Reduced Tillage,Crop Residue Incorporation-Green Manure-Improved Varieties-Inorganic Fertilizer-Supplemental Irrigation,Jack Bean-Pearl Millet/Melon/Jack Bean-Pearl Millet/Melon/Jack Bean-Pearl Millet/Melon,Melon,Crop Yield,kg/ha,8330,13980
CJ0114,Brazil,Jaguaribe-Apodi,Reduced Tillage,Crop Residue Incorporation-Green Manure-Improved Varieties-Inorganic Fertilizer-Supplemental Irrigation,Maize/Melon/Maize/Melon/Maize/Melon,Melon,Crop Yield,kg/ha,13780,17500
AC0119,Brazil,"Rafael Fernandes Experimental Farm, Federal Rural Semiarid University (UFERSA), Mossoro",Inorganic Fertilizer,Inorganic Fertilizer-Organic Fertilizer-Supplemental Irrigation,NA,Grape,Crop Yield,kg/ha,13865,9675
AC0119,Brazil,"Rafael Fernandes Experimental Farm, Federal Rural Semiarid University (UFERSA), Mossoro",Organic Fertilizer,Inorganic Fertilizer-Supplemental Irrigation,NA,Grape,Crop Yield,kg/ha,13027,15318
AC0119,Brazil,"Rafael Fernandes Experimental Farm, Federal Rural Semiarid University (UFERSA), Mossoro",Inorganic Fertilizer,Inorganic Fertilizer-Supplemental Irrigation,NA,Grape,Crop Yield,kg/ha,17255,7570
AC0148,Brazil,"Rafael Fernandes Experimental Farm, Federal Rural Semiarid University (UFERSA), Mossoro",Inorganic Fertilizer,Improved Varieties-Inorganic Fertilizer-Intercropping-Reduced Tillage,NA,Maize,Crop Yield,kg/ha,3085.1891616,1722.7052118
AC0148,Brazil,"Rafael Fernandes Experimental Farm, Federal Rural Semiarid University (UFERSA), Mossoro",Intercropping,Improved Varieties-Inorganic Fertilizer-Reduced Tillage,NA,Maize,Crop Yield,kg/ha,2631.027845,3730.31448871667
AC0148,Brazil,"Rafael Fernandes Experimental Farm, Federal Rural Semiarid University (UFERSA), Mossoro",Inorganic Fertilizer,Improved Varieties-Inorganic Fertilizer-Reduced Tillage,NA,Maize,Crop Yield,kg/ha,4434.54790801667,2782.06013635
NN0475,Brazil,Chapada do Apodi,Inorganic Fertilizer,Improved Varieties-Inorganic Fertilizer-Supplemental Irrigation,NA,Maize,Crop Yield,kg/ha,11342.5,9998.25
DM0028,Brazil,"Mossoró-RN-Farm Fazenda Experimental, Universidade Federal Rural do Semi-Árido",Parklands,Inorganic Fertilizer-Supplemental Irrigation,Gliricidia,Maize,Crop Yield,kg/ha,5758,6085
AC0026,Brazil,Mossoro,Alleycropping,Improved Varieties-Inorganic Fertilizer-Supplemental Irrigation,NA,Maize,Crop Yield,kg/ha,4474.75,5730
SP0025,Brazil,Nova Floresta,Improved Varieties,Inorganic Fertilizer-Organic Fertilizer,NA,Passionfruit,Crop Yield,kg/ha,8.39015151515149,7.44002525252524
NM0067,Brazil,Salgado,Organic Fertilizer,"",NA,Cowpea,Crop Yield,kg/ha,977,550
NM0067,Brazil,Salgado,Mulch,"",NA,Cowpea,Crop Yield,kg/ha,882,699.5
NM0067,Brazil,Salgado,Mulch,Organic Fertilizer,NA,Cowpea,Crop Yield,kg/ha,1093,977
JO0047,Brazil,Picos-Semi Arid Brazil,Inorganic Fertilizer,Improved Varieties-Intercropping,NA,Cowpea,Crop Yield,kg/ha,611.726668515809,218.907410897095
JO0047,Brazil,Picos-Semi Arid Brazil,pH Control,Improved Varieties-Inorganic Fertilizer-Intercropping,NA,Cowpea,Crop Yield,kg/ha,816.48108193183,603.801469856507
JO0047,Brazil,Picos-Semi Arid Brazil,Inorganic Fertilizer,Improved Varieties-Intercropping,NA,Maize,Crop Yield,kg/ha,662.919682992053,324.463095845569
JO0047,Brazil,Picos-Semi Arid Brazil,pH Control,Improved Varieties-Inorganic Fertilizer-Intercropping,NA,Maize,Crop Yield,kg/ha,1486.32234505139,577.744088566865
JO0110,Brazil,School of Veterinary and Animal Science of the Federal University of Tocantins,Inorganic Fertilizer,pH Control,NA,Sorghum,Crop Yield,kg/ha,11639.7849462365,3870.96774193548
JO0110,Brazil,School of Veterinary and Animal Science of the Federal University of Tocantins,Inorganic Fertilizer,Agroforestry Pruning-Alleycropping-pH Control,NA,Sorghum,Crop Yield,kg/ha,9274.19354838707,5161.29032258064
NM0063,Brazil,"EMEPA, Lagoa Seca",Organic Fertilizer,Supplemental Irrigation,NA,Sweet Potato,Crop Yield,kg/ha,13960.9302325581,9544.18604651161
NM0066,Brazil,"Vila Maria Rita Agroecological Station, Taperoa",Agroforestry Pruning,Intercropping,NA,Sunflower,Crop Yield,kg/ha,225,151.5
NM0066,Brazil,"Vila Maria Rita Agroecological Station, Taperoa",Organic Fertilizer,Intercropping,NA,Sunflower,Crop Yield,kg/ha,235,151.5
NM0066,Brazil,"Vila Maria Rita Agroecological Station, Taperoa",Agroforestry Pruning,Intercropping,NA,Cotton,Crop Yield,kg/ha,88.125,70.5
NM0066,Brazil,"Vila Maria Rita Agroecological Station, Taperoa",Organic Fertilizer,Intercropping,NA,Cotton,Crop Yield,kg/ha,70.25,70.5
AC0120,Brazil,Moreno,Organic Fertilizer,Improved Varieties-pH Control,NA,Maize,Crop Yield,kg/ha,6982.79126754287,7722.35093190763
AC0120,Brazil,Moreno,Inorganic Fertilizer,Improved Varieties-pH Control,NA,Maize,Crop Yield,kg/ha,7674.41860465116,7722.35093190763
AC0162,Brazil,"Research Farm, Federal Rural University of Pernambuco, Garanhuns",Biochar,Improved Varieties,NA,Common Bean,Crop Yield,kg/ha,1138,553
AC0162,Brazil,"Research Farm, Federal Rural University of Pernambuco, Garanhuns",Organic Fertilizer,Improved Varieties,NA,Common Bean,Crop Yield,kg/ha,1828,553
AC0162,Brazil,"Research Farm, Federal Rural University of Pernambuco, Garanhuns",Organic Fertilizer,Biochar-Improved Varieties,NA,Common Bean,Crop Yield,kg/ha,2237.33333333333,1138
AC0162,Brazil,"Research Farm, Federal Rural University of Pernambuco, Garanhuns",Biochar,Improved Varieties-Organic Fertilizer,NA,Common Bean,Crop Yield,kg/ha,2237.33333333333,1828
CJ0094,Brazil,"Canindé de São Francisco Municipal, Sergipe State",Inorganic Fertilizer,Improved Varieties-Supplemental Irrigation,NA,Maize,Crop Yield,kg/ha,5250.105,3782.93
JO0049,Guatemala,Quetzaltenango..Huehuetenango..Totonicapán..Quiche,Intercropping,"",NA,Maize,Crop Yield,kg/ha,1648.14415192058,1756.79758308157
CJ0065,Brazil,Santa Clara..Paraiso..Jiboia,Intercropping,Inorganic Fertilizer,NA,Maize,Crop Yield,kg/ha,1194.25,2225.5
CJ0065,Brazil,Santa Clara..Paraiso..Jiboia,Intercropping,Crop Residue-Inorganic Fertilizer-Reduced Tillage,NA,Maize,Crop Yield,kg/ha,2533.5,3240.5
SP0010,Mexico,Huamantla I (Tlaxcala)..Huamantla II (Tlaxcala),Inorganic Fertilizer,Improved Varieties,NA,Maize,Crop Yield,kg/ha,3328.04650037911,2824.89387402934
CJ0017,Colombia,Macagual Research Center of the University of Amazonia,Intercropping,Improved Varieties-Inorganic Fertilizer-pH Control,NA,Common Bean,Crop Yield,kg/ha,857.229548372038,2122.46003034193
CJ0017,Colombia,Macagual Research Center of the University of Amazonia,Intercropping,Improved Varieties-Inorganic Fertilizer-pH Control,NA,Maize,Crop Yield,kg/ha,4240.56949469016,4916.10222896487
JO0062,Brazil,(Center for Agricultural Sciences) of the Universidade Federal deRoraima,Intercropping,Improved Varieties-Inorganic Fertilizer-pH Control,NA,Cassava,Crop Yield,kg/ha,14473,16245
JO0062,Brazil,(Center for Agricultural Sciences) of the Universidade Federal deRoraima,Intercropping,Improved Varieties-Inorganic Fertilizer-pH Control,NA,Cowpea,Crop Yield,kg/ha,690,903
AC0113,Costa Rica,"Centro Agronómico Tropical de Investigación y Enseñanza (CATIE), Turrialba",Multistrata Agroforestry,Inorganic Fertilizer,NA,Coffee,Crop Yield,kg/ha,7545493.33333333,9079653.33333333
SP0015,Costa Rica,"Coffee Institute of Costa Rica (Icafé) Research Station, San Pedro de Barva",Double Cropping,Improved Varieties-Inorganic Fertilizer,NA,Coffee,Crop Yield,kg/ha,4301.15093583449,4438.56562048432
CJ0078,Nicaragua,La Compañía experimental station,Reduced Tillage,Crop Rotation-Inorganic Fertilizer-Mulch,Maize/Common Bean/Maize/Common Bean/Maize/Common Bean,Common Bean,Crop Yield,kg/ha,1215,1250
CJ0078,Nicaragua,La Compañía experimental station,Mulch,Crop Rotation-Inorganic Fertilizer-Reduced Tillage,Maize/Common Bean/Maize/Common Bean/Maize/Common Bean,Common Bean,Crop Yield,kg/ha,1215,1490
CJ0078,Nicaragua,La Compañía experimental station,Mulch,Crop Rotation-Inorganic Fertilizer,Maize/Common Bean/Maize/Common Bean/Maize/Common Bean,Common Bean,Crop Yield,kg/ha,1250,1250
CJ0078,Nicaragua,La Compañía experimental station,Reduced Tillage,Crop Rotation-Inorganic Fertilizer,Maize/Common Bean/Maize/Common Bean/Maize/Common Bean,Common Bean,Crop Yield,kg/ha,1490,1250
CJ0078,Nicaragua,La Compañía experimental station,Crop Rotation,Inorganic Fertilizer,Maize/Common Bean/Maize/Common Bean/Maize/Common Bean,Common Bean,Crop Yield,kg/ha,1250,1270
AC0136,Honduras,"Centro Universitario Regional del Litoral Atlántico (CURLA), La Ceiba",Inorganic Fertilizer,Improved Varieties,NA,Maize,Crop Yield,kg/ha,3355.79401318008,2202.29604266661
AC0136,Honduras,"Centro Universitario Regional del Litoral Atlántico (CURLA), La Ceiba",Organic Fertilizer,Improved Varieties,NA,Maize,Crop Yield,kg/ha,3001.32359414972,2202.29604266661
AC0135,Mexico,Villaflores,Inorganic Fertilizer,"",NA,Hibiscus,Crop Yield,kg/ha,957.75,1665
AC0135,Mexico,Villaflores,Intercropping,"",NA,Hibiscus,Crop Yield,kg/ha,1302.33333333333,1665
AC0135,Mexico,Villaflores,Intercropping,Inorganic Fertilizer,NA,Hibiscus,Crop Yield,kg/ha,1469.33333333333,957.75
AC0135,Mexico,Villaflores,Inorganic Fertilizer,Intercropping,NA,Hibiscus,Crop Yield,kg/ha,1469.33333333333,1302.33333333333
AC0135,Mexico,Villaflores,Inorganic Fertilizer,Improved Varieties,NA,Common Bean,Crop Yield,kg/ha,1558.5,824
AC0135,Mexico,Villaflores,Intercropping,Improved Varieties,NA,Common Bean,Crop Yield,kg/ha,479,824
AC0135,Mexico,Villaflores,Inorganic Fertilizer,Improved Varieties,NA,Maize,Crop Yield,kg/ha,6771,4130
AC0135,Mexico,Villaflores,Intercropping,Improved Varieties,NA,Maize,Crop Yield,kg/ha,4405.28571428572,4130
AC0135,Mexico,Villaflores,Intercropping,Improved Varieties-Inorganic Fertilizer,NA,Maize,Crop Yield,kg/ha,5771,6771
AC0135,Mexico,Villaflores,Inorganic Fertilizer,Improved Varieties-Intercropping,NA,Maize,Crop Yield,kg/ha,5771,4073
SP0010,Mexico,Villaflores (Chiapas),Inorganic Fertilizer,Improved Varieties,NA,Maize,Crop Yield,kg/ha,5856.30245509451,1770.39767824927
DM0020,Mexico,Villa de Zaachila- Plot A..Villa de Zaachila- Plot B,Green Manure,pH Control,NA,Maize,Crop Yield,kg/ha,1607.56918013246,1563.03586666486
SP0007,Mexico,Papaloapan,Reduced Tillage,Inorganic Fertilizer-Mulch,NA,Maize,Crop Yield,kg/ha,1400,2100
AC0103,Mexico,"Nochixtlan district, valley",Inorganic Fertilizer,Improved Varieties,NA,Maize,Crop Yield,kg/ha,8686.66666666667,6720
AC0103,Mexico,"Nochixtlan district, valley",Organic Fertilizer,Improved Varieties,NA,Maize,Crop Yield,kg/ha,11440,6720
AC0103,Mexico,"Nochixtlan district, valley",Organic Fertilizer,Improved Varieties-Inorganic Fertilizer,NA,Maize,Crop Yield,kg/ha,7870,8940
AC0103,Mexico,"Nochixtlan district, terrace",Inorganic Fertilizer,Improved Varieties,NA,Maize,Crop Yield,kg/ha,6503.33333333333,2460
AC0103,Mexico,"Nochixtlan district, terrace",Organic Fertilizer,Improved Varieties,NA,Maize,Crop Yield,kg/ha,6750,2460
AC0103,Mexico,"Nochixtlan district, terrace",Organic Fertilizer,Improved Varieties-Inorganic Fertilizer,NA,Maize,Crop Yield,kg/ha,5210,6260
SP0007,Mexico,Mixteca,Reduced Tillage,Inorganic Fertilizer-Mulch,NA,Maize,Crop Yield,kg/ha,1250,4150
NN0451,Haiti,Bergeau,Inorganic Fertilizer,Improved Varieties-Inorganic Fertilizer,NA,Maize,Crop Yield,kg/ha,1807916.66666667,1459791.66666667
NN0451,Haiti,Bergeau,Agroforestry Pruning,Improved Varieties-Inorganic Fertilizer,NA,Maize,Crop Yield,kg/ha,1912500,1585000
NN0451,Haiti,Bergeau,Inorganic Fertilizer,Agroforestry Pruning-Improved Varieties-Inorganic Fertilizer,NA,Maize,Crop Yield,kg/ha,2060000,1765000
NN0451,Haiti,St. Georges,Inorganic Fertilizer,Improved Varieties-Inorganic Fertilizer,NA,Maize,Crop Yield,kg/ha,2148291.66666667,1666000
NN0451,Haiti,St. Georges,Agroforestry Pruning,Improved Varieties-Inorganic Fertilizer,NA,Maize,Crop Yield,kg/ha,2682500,1860000
NN0451,Haiti,St. Georges,Inorganic Fertilizer,Agroforestry Pruning-Improved Varieties-Inorganic Fertilizer,NA,Maize,Crop Yield,kg/ha,3005000,2360000
NN0451,Haiti,Salagnac,Inorganic Fertilizer,Improved Varieties-Inorganic Fertilizer,NA,Maize,Crop Yield,kg/ha,1606818.18181818,854090.909090909
NN0451,Haiti,Salagnac,Agroforestry Pruning,Improved Varieties-Inorganic Fertilizer,NA,Maize,Crop Yield,kg/ha,1507500,1215000
NN0451,Haiti,Salagnac,Inorganic Fertilizer,Agroforestry Pruning-Improved Varieties-Inorganic Fertilizer,NA,Maize,Crop Yield,kg/ha,2140000,875000
NM0008,Mexico,The states of Mexico and Hidalgo,Inorganic Fertilizer,Mulch,NA,Maize,Crop Yield,kg/ha,10000,8520
NM0008,Mexico,The states of Mexico and Hidalgo,Mulch,Inorganic Fertilizer,NA,Maize,Crop Yield,kg/ha,6392.85714285714,5285.71428571429
NM0008,Mexico,The states of Mexico and Hidalgo,Mulch,Inorganic Fertilizer-Supplemental Irrigation,NA,Maize,Crop Yield,kg/ha,5760,4540
NM0008,Mexico,The states of Mexico and Hidalgo,Mulch,"",NA,Maize,Crop Yield,kg/ha,8462.5,8000
NM0008,Mexico,The states of Mexico and Hidalgo,Inorganic Fertilizer,"",NA,Maize,Crop Yield,kg/ha,10400,8000
NM0008,Mexico,The states of Mexico and Hidalgo,Inorganic Fertilizer,Mulch-Supplemental Irrigation,NA,Maize,Crop Yield,kg/ha,5412.5,3400
NM0019,Mexico,Campus El Cerrillo Piedras Blancas,Organic Fertilizer,Intercropping-Organic Fertilizer,NA,Maize,Crop Yield,kg/ha,2487.92,1766
NM0019,Mexico,Campus El Cerrillo Piedras Blancas,Organic Fertilizer,Improved Varieties-Intercropping-Organic Fertilizer,NA,Fava Bean,Crop Yield,kg/ha,1141.554,1330.4
NM0019,Mexico,Campus El Cerrillo Piedras Blancas,Organic Fertilizer,Intercropping-Organic Fertilizer,NA,Squash (C.Moschata),Crop Yield,kg/ha,3037.2,3670.2
AC0109,Mexico,"Instituto Nacional de Investigaciones Forestales Agricolas y Pecuarias (INIFAP), CEVAMEX",Inorganic Fertilizer,Improved Varieties-Mulch,NA,Wheat,Crop Yield,kg/ha,1274.91408934708,634.020618556701
AC0109,Mexico,"Instituto Nacional de Investigaciones Forestales Agricolas y Pecuarias (INIFAP), CEVAMEX",Crop Rotation,Improved Varieties-Mulch,Maize/Wheat/Maize/Wheat/Maize/Wheat/Maize/Wheat,Wheat,Crop Yield,kg/ha,1618.55670103092,634.020618556701
AC0109,Mexico,"Instituto Nacional de Investigaciones Forestales Agricolas y Pecuarias (INIFAP), CEVAMEX",Crop Rotation,Improved Varieties-Inorganic Fertilizer-Mulch,Maize/Wheat/Maize/Wheat/Maize/Wheat/Maize/Wheat,Wheat,Crop Yield,kg/ha,2331.61512027491,1274.91408934708
AC0109,Mexico,"Instituto Nacional de Investigaciones Forestales Agricolas y Pecuarias (INIFAP), CEVAMEX",Inorganic Fertilizer,Crop Rotation-Improved Varieties-Mulch,Maize/Wheat/Maize/Wheat/Maize/Wheat/Maize/Wheat,Wheat,Crop Yield,kg/ha,2331.61512027491,1618.55670103092
CJ0016,Mexico,"Department of Irrigation of the Chapingo Autonomous University, Experimental plot",Supplemental Irrigation,Improved Varieties,NA,Maize,Crop Yield,kg/ha,10647.5,5260
AC0024,Mexico,"CIMMYT, El Batán Experimental Station",Crop Rotation,Inorganic Fertilizer-Mulch-Reduced Tillage,Maize/Wheat/Maize/Wheat/Maize/Wheat/Maize/Wheat/Maize/Wheat/Maize/Wheat/Maize/Wheat,Maize,Crop Yield,kg/ha,5710.65989847715,5101.52284263959
AC0024,Mexico,"CIMMYT, El Batán Experimental Station",Mulch,Inorganic Fertilizer-Reduced Tillage,NA,Maize,Crop Yield,kg/ha,5101.52284263959,1385.78680203045
AC0024,Mexico,"CIMMYT, El Batán Experimental Station",Crop Rotation,Inorganic Fertilizer-Reduced Tillage,Maize/Wheat/Maize/Wheat/Maize/Wheat/Maize/Wheat/Maize/Wheat/Maize/Wheat/Maize/Wheat,Maize,Crop Yield,kg/ha,3868.02030456852,1385.78680203045
AC0024,Mexico,"CIMMYT, El Batán Experimental Station",Mulch,Crop Rotation-Inorganic Fertilizer-Reduced Tillage,Maize/Wheat/Maize/Wheat/Maize/Wheat/Maize/Wheat/Maize/Wheat/Maize/Wheat/Maize/Wheat,Maize,Crop Yield,kg/ha,5710.65989847715,3868.02030456852
AC0024,Mexico,"CIMMYT, El Batán Experimental Station",Crop Rotation,Crop Residue Incorporation-Inorganic Fertilizer,Maize/Wheat/Maize/Wheat/Maize/Wheat/Maize/Wheat/Maize/Wheat/Maize/Wheat/Maize/Wheat,Maize,Crop Yield,kg/ha,4416.24365482233,3167.51269035533
AC0024,Mexico,"CIMMYT, El Batán Experimental Station",Reduced Tillage,Inorganic Fertilizer,NA,Maize,Crop Yield,kg/ha,1385.78680203045,3274.1116751269
AC0024,Mexico,"CIMMYT, El Batán Experimental Station",Crop Residue Incorporation,Inorganic Fertilizer,NA,Maize,Crop Yield,kg/ha,3167.51269035533,3274.1116751269
AC0024,Mexico,"CIMMYT, El Batán Experimental Station",Crop Rotation,Inorganic Fertilizer,Maize/Wheat/Maize/Wheat/Maize/Wheat/Maize/Wheat/Maize/Wheat/Maize/Wheat/Maize/Wheat,Maize,Crop Yield,kg/ha,3852.79187817259,3274.1116751269
AC0024,Mexico,"CIMMYT, El Batán Experimental Station",Reduced Tillage,Crop Rotation-Inorganic Fertilizer,Maize/Wheat/Maize/Wheat/Maize/Wheat/Maize/Wheat/Maize/Wheat/Maize/Wheat/Maize/Wheat,Maize,Crop Yield,kg/ha,3868.02030456852,3852.79187817259
AC0024,Mexico,"CIMMYT, El Batán Experimental Station",Crop Residue Incorporation,Crop Rotation-Inorganic Fertilizer,Maize/Wheat/Maize/Wheat/Maize/Wheat/Maize/Wheat/Maize/Wheat/Maize/Wheat/Maize/Wheat,Maize,Crop Yield,kg/ha,4416.24365482233,3852.79187817259
AC0024,Mexico,"CIMMYT, El Batán Experimental Station",Crop Rotation,Inorganic Fertilizer-Mulch-Reduced Tillage,Maize/Wheat/Maize/Wheat/Maize/Wheat/Maize/Wheat/Maize/Wheat/Maize/Wheat/Maize/Wheat,Wheat,Crop Yield,kg/ha,7690.35532994923,6715.73604060913
AC0024,Mexico,"CIMMYT, El Batán Experimental Station",Mulch,Inorganic Fertilizer-Reduced Tillage,NA,Wheat,Crop Yield,kg/ha,6715.73604060913,5299.4923857868
AC0024,Mexico,"CIMMYT, El Batán Experimental Station",Crop Rotation,Inorganic Fertilizer-Reduced Tillage,Maize/Wheat/Maize/Wheat/Maize/Wheat/Maize/Wheat/Maize/Wheat/Maize/Wheat/Maize/Wheat,Wheat,Crop Yield,kg/ha,3944.16243654822,5299.4923857868
AC0024,Mexico,"CIMMYT, El Batán Experimental Station",Mulch,Crop Rotation-Inorganic Fertilizer-Reduced Tillage,Maize/Wheat/Maize/Wheat/Maize/Wheat/Maize/Wheat/Maize/Wheat/Maize/Wheat/Maize/Wheat,Wheat,Crop Yield,kg/ha,7690.35532994923,3944.16243654822
AC0024,Mexico,"CIMMYT, El Batán Experimental Station",Crop Rotation,Crop Residue Incorporation-Inorganic Fertilizer,Maize/Wheat/Maize/Wheat/Maize/Wheat/Maize/Wheat/Maize/Wheat/Maize/Wheat/Maize/Wheat,Wheat,Crop Yield,kg/ha,5862.94416243654,6030.45685279187
AC0024,Mexico,"CIMMYT, El Batán Experimental Station",Reduced Tillage,Inorganic Fertilizer,NA,Wheat,Crop Yield,kg/ha,5299.4923857868,5116.75126903553
AC0024,Mexico,"CIMMYT, El Batán Experimental Station",Crop Residue Incorporation,Inorganic Fertilizer,NA,Wheat,Crop Yield,kg/ha,6030.45685279187,5116.75126903553
AC0024,Mexico,"CIMMYT, El Batán Experimental Station",Crop Rotation,Inorganic Fertilizer,Maize/Wheat/Maize/Wheat/Maize/Wheat/Maize/Wheat/Maize/Wheat/Maize/Wheat/Maize/Wheat,Wheat,Crop Yield,kg/ha,5147.20812182741,5116.75126903553
AC0024,Mexico,"CIMMYT, El Batán Experimental Station",Reduced Tillage,Crop Rotation-Inorganic Fertilizer,Maize/Wheat/Maize/Wheat/Maize/Wheat/Maize/Wheat/Maize/Wheat/Maize/Wheat/Maize/Wheat,Wheat,Crop Yield,kg/ha,3944.16243654822,5147.20812182741
AC0024,Mexico,"CIMMYT, El Batán Experimental Station",Crop Residue Incorporation,Crop Rotation-Inorganic Fertilizer,Maize/Wheat/Maize/Wheat/Maize/Wheat/Maize/Wheat/Maize/Wheat/Maize/Wheat/Maize/Wheat,Wheat,Crop Yield,kg/ha,5862.94416243654,5147.20812182741
NM0012,Mexico,"CIMMYT, El Batán Experimental Station",Crop Rotation,Inorganic Fertilizer-Mulch-Reduced Tillage,Wheat/Maize/Wheat/Maize/Wheat/Maize/Wheat/Maize/Wheat/Maize/Wheat/Maize/Wheat,Maize,Crop Yield,kg/ha,5386.66666666667,4863.33333333333
NM0012,Mexico,"CIMMYT, El Batán Experimental Station",Mulch,Inorganic Fertilizer-Reduced Tillage,NA,Maize,Crop Yield,kg/ha,4863.33333333333,2333.33333333333
NM0012,Mexico,"CIMMYT, El Batán Experimental Station",Crop Rotation,Inorganic Fertilizer-Reduced Tillage,Wheat/Maize/Wheat/Maize/Wheat/Maize/Wheat/Maize/Wheat/Maize/Wheat/Maize/Wheat,Maize,Crop Yield,kg/ha,3630,2333.33333333333
NM0012,Mexico,"CIMMYT, El Batán Experimental Station",Mulch,Crop Rotation-Inorganic Fertilizer-Reduced Tillage,Wheat/Maize/Wheat/Maize/Wheat/Maize/Wheat/Maize/Wheat/Maize/Wheat/Maize/Wheat,Maize,Crop Yield,kg/ha,5386.66666666667,3630
NM0012,Mexico,"CIMMYT, El Batán Experimental Station",Crop Rotation,Crop Residue Incorporation-Inorganic Fertilizer,Wheat/Maize/Wheat/Maize/Wheat/Maize/Wheat/Maize/Wheat/Maize/Wheat/Maize/Wheat,Maize,Crop Yield,kg/ha,4523.33333333333,4290
NM0012,Mexico,"CIMMYT, El Batán Experimental Station",Reduced Tillage,Inorganic Fertilizer,NA,Maize,Crop Yield,kg/ha,2333.33333333333,3996.66666666667
NM0012,Mexico,"CIMMYT, El Batán Experimental Station",Crop Residue Incorporation,Inorganic Fertilizer,NA,Maize,Crop Yield,kg/ha,4290,3996.66666666667
NM0012,Mexico,"CIMMYT, El Batán Experimental Station",Crop Rotation,Inorganic Fertilizer,Wheat/Maize/Wheat/Maize/Wheat/Maize/Wheat/Maize/Wheat/Maize/Wheat/Maize/Wheat,Maize,Crop Yield,kg/ha,4766.66666666667,3996.66666666667
NM0012,Mexico,"CIMMYT, El Batán Experimental Station",Reduced Tillage,Crop Rotation-Inorganic Fertilizer,Wheat/Maize/Wheat/Maize/Wheat/Maize/Wheat/Maize/Wheat/Maize/Wheat/Maize/Wheat,Maize,Crop Yield,kg/ha,3630,4766.66666666667
NM0012,Mexico,"CIMMYT, El Batán Experimental Station",Crop Residue Incorporation,Crop Rotation-Inorganic Fertilizer,Wheat/Maize/Wheat/Maize/Wheat/Maize/Wheat/Maize/Wheat/Maize/Wheat/Maize/Wheat,Maize,Crop Yield,kg/ha,4523.33333333333,4766.66666666667
NM0012,Mexico,"CIMMYT, El Batán Experimental Station",Crop Rotation,Inorganic Fertilizer-Mulch-Reduced Tillage,Wheat/Maize/Wheat/Maize/Wheat/Maize/Wheat/Maize/Wheat/Maize/Wheat/Maize/Wheat,Wheat,Crop Yield,kg/ha,6973.33333333333,6590
NM0012,Mexico,"CIMMYT, El Batán Experimental Station",Mulch,Inorganic Fertilizer-Reduced Tillage,NA,Wheat,Crop Yield,kg/ha,6590,6046.66666666667
NM0012,Mexico,"CIMMYT, El Batán Experimental Station",Crop Rotation,Inorganic Fertilizer-Reduced Tillage,Wheat/Maize/Wheat/Maize/Wheat/Maize/Wheat/Maize/Wheat/Maize/Wheat/Maize/Wheat,Wheat,Crop Yield,kg/ha,5340,6046.66666666667
NM0012,Mexico,"CIMMYT, El Batán Experimental Station",Mulch,Crop Rotation-Inorganic Fertilizer-Reduced Tillage,Wheat/Maize/Wheat/Maize/Wheat/Maize/Wheat/Maize/Wheat/Maize/Wheat/Maize/Wheat,Wheat,Crop Yield,kg/ha,6973.33333333333,5340
NM0012,Mexico,"CIMMYT, El Batán Experimental Station",Crop Rotation,Crop Residue Incorporation-Inorganic Fertilizer,Wheat/Maize/Wheat/Maize/Wheat/Maize/Wheat/Maize/Wheat/Maize/Wheat/Maize/Wheat,Wheat,Crop Yield,kg/ha,5836.66666666667,6460
NM0012,Mexico,"CIMMYT, El Batán Experimental Station",Reduced Tillage,Inorganic Fertilizer,NA,Wheat,Crop Yield,kg/ha,6046.66666666667,5810
NM0012,Mexico,"CIMMYT, El Batán Experimental Station",Crop Residue Incorporation,Inorganic Fertilizer,NA,Wheat,Crop Yield,kg/ha,6460,5810
NM0012,Mexico,"CIMMYT, El Batán Experimental Station",Crop Rotation,Inorganic Fertilizer,Wheat/Maize/Wheat/Maize/Wheat/Maize/Wheat/Maize/Wheat/Maize/Wheat/Maize/Wheat,Wheat,Crop Yield,kg/ha,5936.66666666667,5810
NM0012,Mexico,"CIMMYT, El Batán Experimental Station",Reduced Tillage,Crop Rotation-Inorganic Fertilizer,Wheat/Maize/Wheat/Maize/Wheat/Maize/Wheat/Maize/Wheat/Maize/Wheat/Maize/Wheat,Wheat,Crop Yield,kg/ha,5340,5936.66666666667
NM0012,Mexico,"CIMMYT, El Batán Experimental Station",Crop Residue Incorporation,Crop Rotation-Inorganic Fertilizer,Wheat/Maize/Wheat/Maize/Wheat/Maize/Wheat/Maize/Wheat/Maize/Wheat/Maize/Wheat,Wheat,Crop Yield,kg/ha,5836.66666666667,5936.66666666667
DM0023,Mexico,"CIMMYT, El Batán Experimental Station",Mulch,Improved Varieties-Inorganic Fertilizer,NA,Maize,Crop Yield,kg/ha,4540.75,3912.5
JO0213,Mexico,"CIMMYT, El Batán Experimental Station",Crop Residue,Crop Rotation-Inorganic Fertilizer-Reduced Tillage,Wheat/Maize/Wheat/Maize/Wheat/Maize/Wheat/Maize/Wheat/Maize/Wheat/Maize/Wheat/Maize/Wheat/Maize/Wheat/Maize/Wheat,Maize,Crop Yield,kg/ha,5898.67167005485,4355.51767301764
JO0213,Mexico,"CIMMYT, El Batán Experimental Station",Reduced Tillage,Crop Residue-Crop Rotation-Inorganic Fertilizer,Wheat/Maize/Wheat/Maize/Wheat/Maize/Wheat/Maize/Wheat/Maize/Wheat/Maize/Wheat/Maize/Wheat/Maize/Wheat/Maize/Wheat,Maize,Crop Yield,kg/ha,5605.52275868055,4588.07147594075
JO0213,Mexico,"CIMMYT, El Batán Experimental Station",Reduced Tillage,Crop Rotation-Inorganic Fertilizer,Wheat/Maize/Wheat/Maize/Wheat/Maize/Wheat/Maize/Wheat/Maize/Wheat/Maize/Wheat/Maize/Wheat/Maize/Wheat/Maize/Wheat,Maize,Crop Yield,kg/ha,4355.51767301764,4297.96492113154
JO0213,Mexico,"CIMMYT, El Batán Experimental Station",Crop Residue,Crop Rotation-Inorganic Fertilizer,Wheat/Maize/Wheat/Maize/Wheat/Maize/Wheat/Maize/Wheat/Maize/Wheat/Maize/Wheat/Maize/Wheat/Maize/Wheat/Maize/Wheat,Maize,Crop Yield,kg/ha,4588.07147594075,4297.96492113154
JO0098,Mexico,Escuela Superior de Apan,Inorganic Fertilizer,pH Control,NA,Maize,Crop Yield,kg/ha,4115,1020
JO0098,Mexico,Escuela Superior de Apan,Mulch,Biochar-Organic Fertilizer-pH Control,NA,Maize,Crop Yield,kg/ha,3460,3250
JO0098,Mexico,Escuela Superior de Apan,Inorganic Fertilizer,Biochar-Mulch-Organic Fertilizer-pH Control,NA,Maize,Crop Yield,kg/ha,6190,3460
JO0017,Mexico,"Becal, Campeche",Intercropping,Improved Varieties-Inorganic Fertilizer,NA,Maize,Crop Yield,kg/ha,4414,6146
JO0075,Mexico,"Instituto Nacional de Investigaciones Forestales Agricolas y Pecuarias (INIFAP), Celaya",Crop Residue Incorporation,Crop Rotation-Inorganic Fertilizer-Supplemental Irrigation,Wheat/Maize/Wheat/Maize/Wheat/Maize/Wheat/Maize/Wheat/Maize/Wheat/Maize,Maize,Crop Yield,kg/ha,3600,4500
JO0075,Mexico,"Instituto Nacional de Investigaciones Forestales Agricolas y Pecuarias (INIFAP), Celaya",Reduced Tillage,Crop Rotation-Inorganic Fertilizer-Supplemental Irrigation,Wheat/Maize/Wheat/Maize/Wheat/Maize/Wheat/Maize/Wheat/Maize/Wheat/Maize,Maize,Crop Yield,kg/ha,3900,4500
JO0075,Mexico,"Instituto Nacional de Investigaciones Forestales Agricolas y Pecuarias (INIFAP), Celaya",Inorganic Fertilizer,Crop Residue Incorporation-Crop Rotation-Inorganic Fertilizer-Supplemental Irrigation,Wheat/Maize/Wheat/Maize/Wheat/Maize/Wheat/Maize/Wheat/Maize/Wheat/Maize,Wheat,Crop Yield,kg/ha,6366.66666666667,2533.33333333333
JO0075,Mexico,"Instituto Nacional de Investigaciones Forestales Agricolas y Pecuarias (INIFAP), Celaya",Inorganic Fertilizer,Crop Rotation-Inorganic Fertilizer-Reduced Tillage-Supplemental Irrigation,Wheat/Maize/Wheat/Maize/Wheat/Maize/Wheat/Maize/Wheat/Maize/Wheat/Maize,Wheat,Crop Yield,kg/ha,3900,1800
NM0009,Mexico,"Instituto Nacional de Investigaciones Forestales Agricolas y Pecuarias (INIFAP), Celaya",Crop Residue Incorporation,Crop Rotation-Inorganic Fertilizer,Wheat/Maize/Wheat/Maize/Wheat/Maize/Wheat/Maize/Wheat/Maize/Wheat/Maize/Wheat/Maize,Maize,Crop Yield,kg/ha,12450,14600
NM0009,Mexico,"Instituto Nacional de Investigaciones Forestales Agricolas y Pecuarias (INIFAP), Celaya",Crop Residue Incorporation,Crop Rotation-Inorganic Fertilizer,Wheat/Maize/Wheat/Maize/Wheat/Maize/Wheat/Maize/Wheat/Maize/Wheat/Maize/Wheat/Maize,Wheat,Crop Yield,kg/ha,8700,8600
SP0010,Mexico,Celaya (Guanajuato),Inorganic Fertilizer,Improved Varieties,NA,Maize,Crop Yield,kg/ha,11136.3819384527,9187.42907940491
AC0025,Mexico,"San Luis Experiment Station, INIFAP",Reduced Tillage,Inorganic Fertilizer-Supplemental Irrigation,Maize/Oats/Maize/Oats/Maize/Oats/Maize/Oats/Maize/Oats/Maize/Oats/Maize/Oats/Maize/Oats/Maize/Oats/Maize/Oats/Maize/Oats/Maize/Oats/Maize/Oats/Maize/Oats/Maize/Oats/Maize/Oats/Maize/Oats/Maize/Oats/Maize/Oats/Maize/Oats/Maize/Oats/Maize/Oats,Maize,Crop Yield,kg/ha,8517.94875727574,9284.68009724
AC0025,Mexico,"San Luis Experiment Station, INIFAP",Mulch,Inorganic Fertilizer-Reduced Tillage-Supplemental Irrigation,Maize/Oats/Maize/Oats/Maize/Oats/Maize/Oats/Maize/Oats/Maize/Oats/Maize/Oats/Maize/Oats/Maize/Oats/Maize/Oats/Maize/Oats/Maize/Oats/Maize/Oats/Maize/Oats/Maize/Oats/Maize/Oats/Maize/Oats/Maize/Oats/Maize/Oats/Maize/Oats/Maize/Oats/Maize/Oats,Maize,Crop Yield,kg/ha,11329.2970038113,9880.99985429335
AC0025,Mexico,"San Luis Experiment Station, INIFAP",Reduced Tillage,Crop Rotation-Inorganic Fertilizer-Supplemental Irrigation,Maize/Oats/Maize/Oats/Maize/Oats/Maize/Oats/Maize/Oats/Maize/Oats/Maize/Oats/Maize/Oats/Maize/Oats/Maize/Oats/Maize/Oats/Maize/Oats/Maize/Oats/Maize/Oats/Maize/Oats/Maize/Oats/Maize/Oats/Maize/Oats/Maize/Oats/Maize/Oats/Maize/Oats/Maize/Oats,Maize,Crop Yield,kg/ha,7342.33940203739,6325.04805386905
AC0025,Mexico,"San Luis Experiment Station, INIFAP",Mulch,Crop Rotation-Inorganic Fertilizer-Reduced Tillage-Supplemental Irrigation,Maize/Oats/Maize/Oats/Maize/Oats/Maize/Oats/Maize/Oats/Maize/Oats/Maize/Oats/Maize/Oats/Maize/Oats/Maize/Oats/Maize/Oats/Maize/Oats/Maize/Oats/Maize/Oats/Maize/Oats/Maize/Oats/Maize/Oats/Maize/Oats/Maize/Oats/Maize/Oats/Maize/Oats/Maize/Oats,Maize,Crop Yield,kg/ha,8737.71459212139,8782.26646451185
AC0027,Mexico,"Universidad Autonoma Agraria Antonio Narro, Saltillo",Reduced Tillage,"",NA,Maize,Crop Yield,kg/ha,6865.35635040887,6127.67213151966
NM0069,Mexico,"La Laguna Experimental Station, INIFAP",Intercropping,Improved Varieties-Inorganic Fertilizer-Supplemental Irrigation,NA,Maize,Crop Yield,kg/ha,16117.4,17886.5
NM0069,Mexico,"La Laguna Experimental Station, INIFAP",Intercropping,Improved Varieties-Inorganic Fertilizer-Supplemental Irrigation,NA,Soybean,Crop Yield,kg/ha,1804.2,5826
SP0013,Mexico,CIMMYT’s Norman E. Borlaug experiment station,Crop Residue,Improved Varieties-Inorganic Fertilizer-Reduced Tillage-Supplemental Irrigation,Maize/Wheat,Maize,Crop Yield,kg/ha,4600,5000
SP0013,Mexico,CIMMYT’s Norman E. Borlaug experiment station,Crop Residue,Crop Rotation-Improved Varieties-Inorganic Fertilizer-Reduced Tillage-Supplemental Irrigation,Maize/Wheat,Wheat,Crop Yield,kg/ha,4900,4800
AC0131,Mexico,CIMMYT’s Norman E. Borlaug experiment station,Mulch,Improved Varieties-Inorganic Fertilizer-Reduced Tillage-Supplemental Irrigation,NA,Durum Wheat,Crop Yield,kg/ha,6590,6900
AC0138,Mexico,CIMMYT’s Norman E. Borlaug experiment station,Crop Rotation,Improved Varieties-Inorganic Fertilizer-Mulch-Supplemental Irrigation,Wheat/Safflower/Wheat,Wheat,Crop Yield,kg/ha,7255,6917
AC0138,Mexico,CIMMYT’s Norman E. Borlaug experiment station,Crop Rotation,Improved Varieties-Inorganic Fertilizer-Mulch-Supplemental Irrigation,Wheat/Maize/Wheat,Wheat,Crop Yield,kg/ha,6930,6917
AC0138,Mexico,CIMMYT’s Norman E. Borlaug experiment station,Crop Rotation,Improved Varieties-Inorganic Fertilizer-Mulch-Supplemental Irrigation,Wheat/Maize/Wheat,Maize,Crop Yield,kg/ha,11134,9913
AC0138,Mexico,CIMMYT’s Norman E. Borlaug experiment station,Crop Rotation,Improved Varieties-Inorganic Fertilizer-Mulch-Supplemental Irrigation,Maize/Safflower/Maize,Maize,Crop Yield,kg/ha,10021,9913
AC0138,Mexico,CIMMYT’s Norman E. Borlaug experiment station,Crop Rotation,Improved Varieties-Inorganic Fertilizer-Mulch-Supplemental Irrigation,Wheat/Safflower/Wheat,Safflower,Crop Yield,kg/ha,2763,1824
AC0138,Mexico,CIMMYT’s Norman E. Borlaug experiment station,Crop Rotation,Improved Varieties-Inorganic Fertilizer-Mulch-Supplemental Irrigation,Maize/Safflower/Maize,Safflower,Crop Yield,kg/ha,2413,1824
CJ0073,Mexico,CIMMYT’s Norman E. Borlaug experiment station,Reduced Tillage,Inorganic Fertilizer-Supplemental Irrigation,NA,Wheat,Crop Yield,kg/ha,5999.99999999999,5987.87878787878
CJ0073,Mexico,CIMMYT’s Norman E. Borlaug experiment station,Reduced Tillage,Inorganic Fertilizer-Supplemental Irrigation,NA,Durum Wheat,Crop Yield,kg/ha,6368.18181818181,6034.09090909091
SP0035,Mexico,CIMMYT’s Norman E. Borlaug experiment station,Inorganic Fertilizer,Crop Residue Incorporation-Improved Varieties-Supplemental Irrigation,NA,Durum Wheat,Crop Yield,kg/ha,6794.15848257114,2281.21904279685
SP0035,Mexico,CIMMYT’s Norman E. Borlaug experiment station,Inorganic Fertilizer,Improved Varieties-Mulch-Reduced Tillage-Supplemental Irrigation,NA,Durum Wheat,Crop Yield,kg/ha,6963.638782912,2650.10369815698
SP0035,Mexico,CIMMYT’s Norman E. Borlaug experiment station,Mulch,Improved Varieties-Reduced Tillage-Supplemental Irrigation,NA,Durum Wheat,Crop Yield,kg/ha,2650.10369815698,2896.26103666468
SP0035,Mexico,CIMMYT’s Norman E. Borlaug experiment station,Inorganic Fertilizer,Improved Varieties-Reduced Tillage-Supplemental Irrigation,NA,Durum Wheat,Crop Yield,kg/ha,7194.15317247196,2896.26103666468
SP0035,Mexico,CIMMYT’s Norman E. Borlaug experiment station,Mulch,Improved Varieties-Inorganic Fertilizer-Reduced Tillage-Supplemental Irrigation,NA,Durum Wheat,Crop Yield,kg/ha,6963.63878291199,7194.15317247196
AC0151,Mexico,CIMMYT’s Norman E. Borlaug experiment station,Mulch,Improved Varieties-Inorganic Fertilizer-Reduced Tillage-Supplemental Irrigation,Durum Wheat/Maize/Durum Wheat/Maize/Durum Wheat/Maize/Durum Wheat/Maize/Durum Wheat/Maize/Durum Wheat/Maize/Durum Wheat/Maize/Durum Wheat/Maize/Durum Wheat/Maize/Durum Wheat/Maize/Durum Wheat/Maize,Durum Wheat,Crop Yield,kg/ha,7734.375,7533.85416666666
AC0151,Mexico,CIMMYT’s Norman E. Borlaug experiment station,Mulch,Crop Rotation-Improved Varieties-Inorganic Fertilizer-Reduced Tillage-Supplemental Irrigation,Durum Wheat/Maize/Durum Wheat/Maize/Durum Wheat/Maize/Durum Wheat/Maize/Durum Wheat/Maize/Durum Wheat/Maize/Durum Wheat/Maize/Durum Wheat/Maize/Durum Wheat/Maize/Durum Wheat/Maize/Durum Wheat/Maize,Durum Wheat,Crop Yield,kg/ha,7096.96180555555,6565.88541666667
JO0096,Mexico,CIMMYT’s Norman E. Borlaug experiment station,Inorganic Fertilizer,Improved Varieties-Inorganic Fertilizer-Mulch-Reduced Tillage-Supplemental Irrigation,NA,Wheat,Crop Yield,kg/ha,5927.5875,3242.2
DM0025,Mexico,CIMMYT’s Norman E. Borlaug experiment station,Crop Rotation,Improved Varieties-Inorganic Fertilizer-Mulch-Reduced Tillage-Supplemental Irrigation,Wheat/Fallow/Safflower/Fallow/Wheat/Fallow,Wheat,Crop Yield,kg/ha,7255,6917
DM0025,Mexico,CIMMYT’s Norman E. Borlaug experiment station,Crop Rotation,Improved Varieties-Inorganic Fertilizer-Mulch-Reduced Tillage-Supplemental Irrigation,Wheat/Fallow/Maize/Fallow/Wheat/Fallow,Wheat,Crop Yield,kg/ha,6930,6917
DM0025,Mexico,CIMMYT’s Norman E. Borlaug experiment station,Crop Rotation,Improved Varieties-Inorganic Fertilizer-Mulch-Reduced Tillage-Supplemental Irrigation,Maize/Fallow/Wheat/Fallow/Maize/Fallow,Maize,Crop Yield,kg/ha,11134,9913
DM0025,Mexico,CIMMYT’s Norman E. Borlaug experiment station,Crop Rotation,Improved Varieties-Inorganic Fertilizer-Mulch-Reduced Tillage-Supplemental Irrigation,Maize/Fallow/Safflower/Fallow/Maize/Fallow,Maize,Crop Yield,kg/ha,10021,9913
DM0025,Mexico,CIMMYT’s Norman E. Borlaug experiment station,Crop Rotation,Improved Varieties-Inorganic Fertilizer-Mulch-Reduced Tillage-Supplemental Irrigation,Safflower/Fallow/Wheat/Fallow/Safflower/Fallow,Safflower,Crop Yield,kg/ha,2763,1824
DM0025,Mexico,CIMMYT’s Norman E. Borlaug experiment station,Crop Rotation,Improved Varieties-Inorganic Fertilizer-Mulch-Reduced Tillage-Supplemental Irrigation,Safflower/Fallow/Maize/Fallow/Safflower/Fallow,Safflower,Crop Yield,kg/ha,2413,1824
SP0010,Mexico,Cajeme (Sonora),Inorganic Fertilizer,Improved Varieties,NA,Maize,Crop Yield,kg/ha,59452.5,3928
SP0010,Mexico,Cajeme (Sonora),Inorganic Fertilizer,"",NA,Wheat,Crop Yield,kg/ha,7269.5,7177
AC0116,Mexico,"Centro de Investigaciones Agricolas del Noroeste, CIANO",Inorganic Fertilizer,Crop Residue Incorporation-Green Manure-Supplemental Irrigation,Wheat/Sesbania sp./Wheat/Sesbania sp./Wheat/Sesbania sp./Wheat/Sesbania sp./Wheat/Sesbania sp./Wheat/Sesbania sp./Wheat/Sesbania sp./Wheat/Sesbania sp.,Wheat,Crop Yield,kg/ha,6341.01382488479,4564.51612903225
AC0116,Mexico,"Centro de Investigaciones Agricolas del Noroeste, CIANO",Organic Fertilizer,Crop Residue Incorporation-Green Manure-Supplemental Irrigation,Wheat/Sesbania sp./Wheat/Sesbania sp./Wheat/Sesbania sp./Wheat/Sesbania sp./Wheat/Sesbania sp./Wheat/Sesbania sp./Wheat/Sesbania sp./Wheat/Sesbania sp.,Wheat,Crop Yield,kg/ha,5857.13567911336,4564.51612903225
AC0116,Mexico,"Centro de Investigaciones Agricolas del Noroeste, CIANO",Inorganic Fertilizer,Crop Residue Incorporation-Crop Rotation-Supplemental Irrigation,Wheat/Maize/Wheat/Maize/Wheat/Maize/Wheat/Maize/Wheat/Maize/Wheat/Maize/Wheat/Maize/Wheat/Maize,Wheat,Crop Yield,kg/ha,6125.9744175029,3672.0358327232
AC0116,Mexico,"Centro de Investigaciones Agricolas del Noroeste, CIANO",Organic Fertilizer,Crop Residue Incorporation-Crop Rotation-Supplemental Irrigation,Wheat/Maize/Wheat/Maize/Wheat/Maize/Wheat/Maize/Wheat/Maize/Wheat/Maize/Wheat/Maize/Wheat/Maize,Wheat,Crop Yield,kg/ha,5303.37941628264,3672.0358327232
AC0116,Mexico,"Centro de Investigaciones Agricolas del Noroeste, CIANO",Green Manure,Crop Residue Incorporation-Supplemental Irrigation,Wheat/Sesbania sp./Wheat/Sesbania sp./Wheat/Sesbania sp./Wheat/Sesbania sp./Wheat/Sesbania sp./Wheat/Sesbania sp./Wheat/Sesbania sp./Wheat/Sesbania sp.,Wheat,Crop Yield,kg/ha,4564.51612903225,4327.94263318833
AC0116,Mexico,"Centro de Investigaciones Agricolas del Noroeste, CIANO",Crop Rotation,Crop Residue Incorporation-Supplemental Irrigation,Wheat/Maize/Wheat/Maize/Wheat/Maize/Wheat/Maize/Wheat/Maize/Wheat/Maize/Wheat/Maize/Wheat/Maize,Wheat,Crop Yield,kg/ha,3672.0358327232,4327.94263318833
AC0116,Mexico,"Centro de Investigaciones Agricolas del Noroeste, CIANO",Inorganic Fertilizer,Crop Residue Incorporation-Supplemental Irrigation,Wheat/Fallow/Wheat/Fallow/Wheat/Fallow/Wheat/Fallow/Wheat/Fallow/Wheat/Fallow/Wheat/Fallow/Wheat/Fallow,Wheat,Crop Yield,kg/ha,6357.15721320183,4327.94263318833
AC0116,Mexico,"Centro de Investigaciones Agricolas del Noroeste, CIANO",Organic Fertilizer,Crop Residue Incorporation-Supplemental Irrigation,Wheat/Fallow/Wheat/Fallow/Wheat/Fallow/Wheat/Fallow/Wheat/Fallow/Wheat/Fallow/Wheat/Fallow/Wheat/Fallow,Wheat,Crop Yield,kg/ha,5787.26474008355,4327.94263318833
AC0116,Mexico,"Centro de Investigaciones Agricolas del Noroeste, CIANO",Green Manure,Crop Residue Incorporation-Inorganic Fertilizer-Supplemental Irrigation,Wheat/Sesbania sp./Wheat/Sesbania sp./Wheat/Sesbania sp./Wheat/Sesbania sp./Wheat/Sesbania sp./Wheat/Sesbania sp./Wheat/Sesbania sp./Wheat/Sesbania sp.,Wheat,Crop Yield,kg/ha,6341.01382488479,6357.15721320183
AC0116,Mexico,"Centro de Investigaciones Agricolas del Noroeste, CIANO",Crop Rotation,Crop Residue Incorporation-Inorganic Fertilizer-Supplemental Irrigation,Wheat/Maize/Wheat/Maize/Wheat/Maize/Wheat/Maize/Wheat/Maize/Wheat/Maize/Wheat/Maize/Wheat/Maize,Wheat,Crop Yield,kg/ha,6125.9744175029,6357.15721320183
AC0116,Mexico,"Centro de Investigaciones Agricolas del Noroeste, CIANO",Green Manure,Crop Residue Incorporation-Organic Fertilizer-Supplemental Irrigation,Wheat/Sesbania sp./Wheat/Sesbania sp./Wheat/Sesbania sp./Wheat/Sesbania sp./Wheat/Sesbania sp./Wheat/Sesbania sp./Wheat/Sesbania sp./Wheat/Sesbania sp.,Wheat,Crop Yield,kg/ha,5857.13567911336,5787.26474008355
AC0116,Mexico,"Centro de Investigaciones Agricolas del Noroeste, CIANO",Crop Rotation,Crop Residue Incorporation-Organic Fertilizer-Supplemental Irrigation,Wheat/Maize/Wheat/Maize/Wheat/Maize/Wheat/Maize/Wheat/Maize/Wheat/Maize/Wheat/Maize/Wheat/Maize,Wheat,Crop Yield,kg/ha,5303.37941628264,5787.26474008355
AC0116,Mexico,"Centro de Investigaciones Agricolas del Noroeste, CIANO",Green Manure,Crop Residue Incorporation-Inorganic Fertilizer-Organic Fertilizer-Supplemental Irrigation,Wheat/Sesbania sp./Wheat/Sesbania sp./Wheat/Sesbania sp./Wheat/Sesbania sp./Wheat/Sesbania sp./Wheat/Sesbania sp./Wheat/Sesbania sp./Wheat/Sesbania sp.,Wheat,Crop Yield,kg/ha,6657.4572548344,6646.71174469185
AC0116,Mexico,"Centro de Investigaciones Agricolas del Noroeste, CIANO",Crop Rotation,Crop Residue Incorporation-Inorganic Fertilizer-Organic Fertilizer-Supplemental Irrigation,Wheat/Maize/Wheat/Maize/Wheat/Maize/Wheat/Maize/Wheat/Maize/Wheat/Maize/Wheat/Maize/Wheat/Maize,Wheat,Crop Yield,kg/ha,6434.34256427925,6646.71174469185
